name,code,info,cost,restNit
MOCHI ICE CREAM BONBONS,45001524,Red,5449,1667631365
CHIPOTLE BARBECUE SAUCE,45001528,Aquamarine,2657,4165410438
HOT & SPICY BARBECUE SAUCE,45001529,Purple,9846,3921018765
BARBECUE SAUCE,45001530,Red,5044,3890428754
BARBECUE SAUCE,45001531,Blue,4569,7020909574
ORIGINAL BARBECUE SAUCE,45001532,Green,2142,4269859490
CLASSIC BARBECUE SAUCE,45001533,Red,8074,2153385180
HICKORY BARBECUE SAUCE,45001534,Puce,7770,1336613564
STEAK SAUCE,45001535,Fuscia,8687,6928701552
FRESH & EASY,45001536,Yellow,9128,7582852443
FRESH & EASY,45001537,Violet,5701,6769208717
STONEGROUND HORSERADISH MUSTARD,45001538,Violet,8045,788823892
ORGANIC DIJON MUSTARD,45001539,Blue,4536,3988389900
DIJON MUSTARD,45001542,Violet,7117,488075815
SPICY BROWN MUSTARD,45001543,Aquamarine,6897,1925341771
YELLOW MUSTARD,45001544,Crimson,1668,917260449
TOMATO KETCHUP,45001546,Turquoise,7363,7098300276
LITE MAYONNAISE,45001547,Orange,1685,1982441429
REAL MAYONNAISE MADE WITH CIDER VINEGAR,45001548,Orange,6887,8621903679
FINE ICE CREAMS,45001563,Orange,5629,3977837184
STATER BROS.,45001569,Mauv,4934,1581056508
STATER BROS.,45001570,Crimson,2672,6968339382
STATER BROS.,45001572,Mauv,570,1104134349
STATER BROS.,45001574,Green,5876,3181223042
NON-STICK OLIVE OIL COOKING SPRAY,45001576,Fuscia,8464,8068545670
SLICED SMOKED TURKEY BREAST,45001579,Green,4824,8642075058
SLICED HONEY HAM WITH NATURAL JUICES,45001580,Khaki,9647,1324773618
SLICED BLACK FOREST HAM,45001581,Puce,4937,4043394802
SLICED BLACK ANGUS ROAST BEEF,45001582,Teal,538,8366878732
MUENSTER CHEESE,45001583,Purple,706,8122244602
SWISS CHEESE,45001584,Turquoise,6342,9700926311
HONEY MUSTARD,45001585,Aquamarine,514,9983902796
SEASONED ROAST BEEF,45001586,Turquoise,952,425935094
GREAT MIDWEST,45001588,Puce,7742,9415614285
GREAT MIDWEST,45001589,Orange,7497,5039090366
TRADITIONAL HUMMUS,45001591,Yellow,1056,9106870201
SUN-DRIED TOMATO & BASIL HUMMUS,45001592,Indigo,6401,3653613035
SPINACH & ARTICHOKE HUMMUS,45001593,Pink,3238,3014322520
ROASTED GARLIC HUMMUS,45001594,Puce,7970,2922536971
SPICY THREE PEPPER HUMMUS,45001595,Teal,2656,1213737044
ROASTED RED PEPPER HUMMUS,45001596,Mauv,1235,1156107067
ROASTED GARLIC HUMMUS,45001597,Crimson,7592,2666395782
ROASTED RED PEPPER HUMMUS,45001598,Purple,2064,2337546918
ORGANIC TRI-COLORED TORTILLA STRIPS,45001599,Blue,3084,6229889323
VANILLA BEAN ICE CREAM,45001612,Pink,7335,3619660123
LIGHT ICE CREAM,45001614,Purple,995,6380965548
ICE CREAM,45001620,Fuscia,8535,6935906296
SORBET,45001624,Crimson,4737,3668283818
SORBET,45001625,Purple,4093,6606633826
BLOOD ORANGE SORBET,45001626,Teal,4417,8585136480
GELATO,45001627,Crimson,9619,8497220129
ICE CREAM,45001628,Purple,5148,6132898077
GELATO,45001629,Khaki,7377,7376370676
GELATO,45001630,Blue,9423,7187909578
PANKO BREAD CRUMBS JAPANESE STYLE,45001632,Red,1456,5260617231
FRESH & EASY,45001645,Crimson,1875,4364786136
FRESH & EASY,45001646,Aquamarine,6217,2108321519
FRESH & EASY,45001649,Blue,6579,5682306376
ENRICHED MACARONI PRODUCT,45001651,Purple,2069,6254365774
CONCHIGLIE,45001652,Blue,1536,5907715944
EXCELLENT WITH MUSHROOM SAUCES,45001653,Turquoise,2789,2357800607
MACARONI ELBOWS,45001655,Crimson,1762,3158399660
CUT FIDEO,45001656,Maroon,7624,8299699134
THIN SPAGHETTI,45001657,Aquamarine,5603,3013223170
FETTUCCINE,45001658,Red,5874,2981358901
SPAGHETTI,45001659,Turquoise,2602,7898535863
SPAGHETTI,45001660,Green,2706,1443659002
ROTELLI,45001663,Red,711,9467297809
WHOLE GRAIN PASTA,45001664,Maroon,7602,53056329
BROWN RICE SPAGHETTI,45001665,Purple,4484,9256521075
WHOLE WHEAT SPAGHETTI,45001666,Aquamarine,9878,2776316593
WHOLE WHEAT ELBOWS,45001667,Turquoise,2904,9025522041
WHOLE WHEAT MACARONI PRODUCT,45001668,Teal,636,5283389944
BROWN RICE,45001669,Red,7123,18164471
LASAGNA,45001671,Indigo,3464,2910581047
WHOLE GRAIN THIN SPAGHETTI,45001672,Fuscia,8341,1653902582
MEDIUM SHELLS,45001675,Teal,4099,6975036640
WHOLE GRAIN ROTINI,45001677,Goldenrod,9699,3597029264
PASTA,45001678,Crimson,9864,1438500211
WIDE EGG NOODLES,45001679,Maroon,9351,3704467502
LARGE ELBOWS,45001680,Crimson,7499,6451042323
THREE CHEESE BLEND,45001681,Purple,535,2972364562
PARMESAN CHEESE,45001682,Goldenrod,1099,3523435854
ALFREDO SAUCE,45001683,Aquamarine,1719,6235484577
MARINARA SAUCE WITH ROASTED RED PEPPERS,45001684,Fuscia,1723,7970114067
TOMATO BASIL MARINARA,45001685,Yellow,2295,2862604828
PASTA SAUCE,45001686,Maroon,5397,4216942865
PASTA SAUCE,45001687,Green,7817,1945064927
PIZZA SAUCE,45001688,Red,2723,225917572
DICED TOMATOES,45001689,Mauv,6104,7278442907
DICED TOMATOES,45001691,Green,4081,9959739376
DICED TOMATOES,45001692,Red,3447,5577609283
STEWED TOMATOES,45001693,Blue,2777,4073121634
ITALIAN-STYLE STEWED TOMATOES,45001694,Goldenrod,4126,5982289353
FRESH & EASY,45001695,Red,2435,2180401841
FRESH & EASY,45001696,Teal,1695,1995318930
FRESH & EASY,45001697,Teal,6142,43409245
FRESH & EASY,45001698,Maroon,6837,4186347107
FRESH & EASY,45001699,Blue,1713,7295959920
PASTA SAUCE,45001702,Crimson,8576,7729526328
FRESH & EASY,45001703,Turquoise,957,9675177160
TOMATO SAUCE,45001704,Aquamarine,5932,6599470939
TOMATO SAUCE,45001705,Aquamarine,3745,1781083568
TOMATO SAUCE,45001706,Green,5149,2508189790
CRUSHED TOMATOES WITH BASIL,45001707,Goldenrod,5185,2536319393
WHOLE PEELED PLUM TOMATOES,45001708,Maroon,5130,1509970967
PEARS HALVES IN DILUTED RED WINE,45001711,Indigo,1777,5119389244
MERMELADA DE MORA CON CAFE,45001713,Puce,6375,1616627050
TALANCINA,45001714,Maroon,4378,6264477680
LOQUAT JAM,45001715,Turquoise,4547,5007586366
APRICOT JAM,45001716,Khaki,6968,4775454196
YELLOW PEPPER JAM,45001717,Indigo,3161,4336617759
RED PEPPER JAM,45001718,Fuscia,5687,3733975456
MILK CHOCOLATE,45001721,Puce,1642,5391591112
LEAN,45001731,Violet,8904,4207906886
PREMIUM CUBED BONELESS HAM,45001732,Mauv,1946,6180852251
SLICED BONELESS HAM,45001734,Puce,1752,705179214
APPLE BLOSSOMS,45001737,Fuscia,5104,7364041605
FRESH & EASY,45001740,Khaki,2775,5533227695
FRESH & EASY,45001745,Green,6971,2108103821
FRESH & EASY,45001746,Fuscia,1268,5733934212
MUSHROOM GARLIC CAVATAPPI,45001747,Blue,3147,4682547674
CREAMY CARBONARA SPAGHETTI,45001748,Fuscia,7143,8322310366
DELUXE SHELLS & AGED CHEDDAR CHEESE SAUCE,45001749,Green,3982,3579595954
GOODNESS ANIMAL SHAPES,45001750,Red,9981,4299008170
SHELLS & WHITE CHEDDAR CHEESE,45001751,Orange,6483,9308836144
RICE PILAF WITH ORZO,45001755,Green,6517,8380788079
THREE-CHEESE RISOTTO,45001756,Fuscia,6224,8740865908
QUINOA & BROWN RICE WITH GARLIC & HERBS,45001758,Yellow,2894,7517433865
RICE,45001759,Maroon,3141,1556114192
COOKED BROWN RICE,45001761,Purple,8652,1014937469
COOKED WHITE RICE,45001762,Turquoise,2201,2422855091
INSTANT WHITE RICE,45001767,Maroon,934,2092653237
INSTANT BROWN RICE,45001768,Khaki,1378,1484332024
BOIL-IN-BAG BROWN RICE,45001769,Khaki,5874,1875716556
BOIL - IN - BAG WHITE RICE,45001770,Pink,1692,9086295258
BLACK RICE,45001772,Puce,3209,183837223
FRENCH LENTILS,45001773,Red,9913,3140478712
COUSCOUS,45001775,Violet,9399,7570973054
FRESH & EASY,45001778,Goldenrod,9217,3245160445
FRESH & EASY,45001779,Blue,7122,8866440531
FRESH & EASY,45001780,Purple,7480,257756353
BLACK BEANS,45001782,Maroon,5842,5979544232
BLACK BEANS,45001783,Aquamarine,621,9451295860
FRESH & EASY,45001785,Indigo,2170,8555871913
FRESH & EASY,45001786,Green,1146,2538666104
FRESH & EASY,45001787,Puce,781,3238122835
FRESH & EASY,45001788,Pink,1273,7067741432
FRESH & EASY,45001790,Crimson,5841,797645152
FRESH & EASY,45001791,Red,5655,5575979482
FRESH & EASY,45001792,Orange,8254,6111438808
FRESH & EASY,45001793,Fuscia,1042,3054124363
FRESH & EASY,45001794,Indigo,5363,6555905506
FRESH & EASY,45001795,Violet,3256,2656459079
FRESH & EASY,45001797,Orange,7824,2596396696
FRESH & EASY,45001798,Red,3054,9057313197
FRESH & EASY,45001799,Orange,9029,9615913936
RICE,45001801,Maroon,3557,5183155658
ITALIAN GROWN RICE,45001802,Violet,8892,4849187196
RICE MEDLEY,45001803,Yellow,6941,2477638033
LONG GRAIN WHITE RICE,45001806,Goldenrod,874,6987744440
ATLANTIC SALMON BURGERS,45001811,Khaki,1510,4136671539
FRESH & EASY,45001819,Green,3518,2472657005
FRESH & EASY,45001821,Crimson,2881,3876221919
FRESH & EASY,45001822,Indigo,9928,2369018283
FRESH & EASY,45001823,Green,2113,3605999182
FRESH & EASY,45001824,Purple,9652,4897879973
HANDCRAFTED NAAN FLATBREAD SANDWICH,45001826,Indigo,5913,5687546243
CHICKEN THIGHS,45001833,Puce,4998,2234433452
CHICKEN DRUMSTICKS,45001834,Maroon,6770,5558454334
SHAVED PARMESAN CHEESE,45001836,Turquoise,2283,2988003343
FROSTED SUGAR COOKIES,45001839,Pink,5678,3192436115
WHITE FROSTED MINI SUGAR COOKIES,45001840,Maroon,1500,2590677634
CHOCOLATY DIPPED GRAHAM CRACKERS,45001841,Puce,2628,212588206
FERRERO COLLECTION,45001846,Maroon,7746,6719784277
KROGER,45001848,Crimson,8805,1994091088
CHOCOLATE CHIP COOKIES,45001849,Blue,5972,1827576294
KROGER,45001850,Purple,5428,1302488120
TEXMATI RICE,45001851,Pink,6956,3862563472
TIKKA MASALA,45001856,Goldenrod,3236,1060401258
ITALIAN MEATLOAF MIX,45001857,Fuscia,5785,4742644034
REDUCED FAT VIENNA SAUSAGE,45001859,Teal,6429,624616207
CHICKEN VIENNA SAUSAGE IN CHICKEN BROTH,45001860,Red,3892,5654178474
NEUMAN'S,45001861,Indigo,5614,9140657345
SWEET FINISHING BUTTER,45001862,Crimson,1759,6177268366
SPAANS,45001863,Turquoise,897,2653597675
CINNAMON SWIRL SLICED CREME CAKE,45001864,Aquamarine,5906,693005165
MINI MUFFINS,45001866,Puce,8763,9248900739
APPLE,45001869,Aquamarine,3439,1378059042
CHEESE,45001870,Purple,6740,9823233314
LAFFY TAFFY,45001871,Purple,2827,773724338
FLAKE SALT,45001889,Green,3493,1000897184
IODIZED SALT,45001891,Goldenrod,5759,7317106631
PLAIN SALT,45001892,Fuscia,3177,4684729117
SOUP,45001901,Blue,3054,9200106951
LOBSTER BISQUE,45001904,Maroon,6866,3116304807
SOUTHWEST CHICKEN QUESADILLAS WITH SEASONED VEGETABLES,45001906,Purple,2555,7345534294
CULINARIA,45001908,Pink,1816,1832936619
LOWFAT GRANOLA CEREAL WITH ALMOND,45001910,Mauv,5209,9207545306
LITE FRUIT COCKTAIL IN PEAR JUICE FROM CONCENTRATE,45001913,Yellow,3428,9873026479
ENRICHED ELBOW MACARONI,45001914,Green,2151,7573793421
ORGANIC YELLOW CORN TORTILLA CHIPS,45001917,Indigo,2821,2312149559
PLAIN BROWNIE BITES,45001920,Aquamarine,5289,8684526074
POWDERED SUGAR BROWNIE BITES,45001921,Puce,730,6824065005
SLICED LOAF CAKE,45001922,Teal,6716,4441643144
BAKED ORGANIC POTATO SNACK,45001926,Turquoise,7865,7176746958
SUPER GREENS,45001928,Violet,1099,978335570
SALAD,45001929,Mauv,8378,4051873765
DELITA,45001931,Pink,6439,6813776320
TZATZIKI SAUCE,45001939,Green,4760,2788447876
CHICKEN CHILI ARTISAN SOUP MIX,45001945,Blue,2841,5115737361
CANTERBURY NATURALS,45001946,Purple,4799,8085545497
ROASTED GARLIC POTATO CORN CHOWDER,45001947,Blue,8366,238656659
CANTERBURY NATURALS,45001949,Teal,4562,942420381
HOPE HUMMUS,45001950,Aquamarine,3735,222822805
5 BEAN VEGETABLE SOUP,45001951,Turquoise,2878,6932435535
VEGETABLE BARLEY SOUP,45001952,Puce,2983,3219186416
LENTIL APPLE SOUP,45001962,Crimson,938,7863441900
DAIRY-FREE FRUITY & CREAMY BLENDED,45001973,Orange,8232,3193191035
GRAVY MIX,45001979,Puce,3230,6246832423
FAT FREE VEGETARIAN GRAVY MIX,45001980,Yellow,953,2597153509
BROTH,45001983,Green,6946,851574378
ORGANIC CHIPOTLE SWEET POTATO SOUP,45001984,Teal,3595,2382493976
ORGANIC CHICKEN SPINACH PEENE SOUP,45001985,Blue,3294,2796648982
ORGANIC CHEESE,45001987,Violet,7980,3249136565
CORN FLAKES,45001989,Purple,7389,6105087519
EREWHON,45001990,Goldenrod,7641,299654575
ATTUNEFOODS,45001993,Purple,4403,857941186
MARANATHA,45001995,Mauv,5251,7380569244
MARANATHA,45001996,Purple,722,138497044
MARANATHA,45001997,Purple,7021,3893247319
WOODSTOCK,45001998,Teal,6887,8022160695
PEANUT BUTTER,45002000,Green,5306,630332037
OLIVE OIL & GARLIC PASTA SAUCE,45002009,Teal,4008,4060372552
LOW FAT MUESLI,45002011,Red,3188,1167106334
WILD BERRY ORGANIC PRESERVES,45002012,Goldenrod,555,3073138765
REDUCED FAT VEGENAISE,45002013,Blue,2476,634985426
VANILLA ALMOND NATURALLY FLAVORED CLUSTERS & FLAKES,45002014,Orange,5403,1007561513
EARTH BALANCE,45002018,Orange,9257,4101827885
ORGANIC SPAGHETTI SAUCE,45002019,Puce,2672,67301819
DELICIOUS GOLDEN VEGETABLE SOUP,45002023,Teal,6774,9006487589
ROASTED SALSA,45002031,Violet,5559,6085037384
ORGANIC OPTIMUM POWER BLUEBERRY CINNAMON FLAX,45002042,Mauv,5759,343678950
DE BOLES,45002055,Crimson,5419,9096026977
100% ORGANIC EINKORN WHOLE WHEAT PASTA LINGUINE,45002057,Mauv,3817,4491786488
ORGANIC EINKORN COOKIES,45002058,Khaki,2356,9338606821
ORGANIC EINKORN COOKIES,45002059,Teal,9830,4603003854
COUGAR MOUNTAIN,45002061,Maroon,679,9079728462
TASTY,45002062,Fuscia,6020,9446943647
ORGANIC CHOCOLATE COOKIES,45002068,Goldenrod,1384,8031603529
EREWHON,45002074,Crimson,8175,4896111664
GOAT MILK YOGURT,45002075,Indigo,3772,9591554338
ROASTED GARLIC PASTA SAUCE,45002076,Blue,5539,3947835469
WALNUT ACRES,45002077,Green,1702,1097776271
WALNUT ACRES,45002078,Khaki,1971,9965075182
NANCY'S,45002090,Fuscia,7222,8651603177
NANCY'S,45002091,Violet,2769,1711583871
LOWFAT YOGURT,45002095,Crimson,851,451052846
SALSA,45002100,Teal,8572,97457353
EARTH BALANCE,45002108,Blue,4012,6932741288
TANDOOR CHEF,45002110,Red,5051,8403948425
TERIYAKI,45002118,Aquamarine,4494,797429484
EDEN ORGANIC,45002119,Purple,1515,3098134690
POPCORN CHICKEN,45002126,Goldenrod,8365,4061845659
FALAFEL 3 ORGANIC VEGGIE BURGERS,45002129,Teal,591,2751120903
ORGANIC NONFAT YOGURT,45002133,Puce,9232,4321247012
PLAIN YOGURT,45002134,Maroon,1959,8516518833
VANILLA BEAN CREAMY AUSTRALIAN STYLE NONFAT YOGURT,45002135,Fuscia,9296,1814695699
VEGENAISE GOURMET FRY SAUCE & SPREAD,45002145,Maroon,4160,5014478476
STRAWBERRY SAUCE,45002164,Puce,8708,5523986135
ORGANIC SALSA MADE WITH AGAVE NECTAR,45002165,Purple,1951,3328276270
ORGANIC SOFT TOFU,45002175,Mauv,3452,6256195671
WALNUT HALVES & PIECES,45002189,Violet,4875,9982136747
PINE NUTS,45002190,Violet,5976,5808147077
ANGEL FOOD CAKE,45002191,Goldenrod,4566,9975687326
BREAKFAST BEST,45002192,Orange,5163,80207529
100% PURE CORN OIL,45002193,Red,2766,9517738072
VEGGIE SPAGHETTI,45002196,Khaki,5516,464842905
PRIANO,45002197,Red,4528,3111595285
CHOCOLATE COCOA,45002199,Blue,1547,8844931664
CRANBERRY APPLE BUTTER,45002202,Teal,3605,9409515378
FAT FREE COTTAGE CHEESE,45002203,Purple,4645,2624124500
GROUND BEEF BURGERS (OMAHA STEAKS BURGERS),45002204,Blue,3002,9050881394
ORGANIC GREEK NONFAT YOGURT,45002208,Fuscia,1850,9480748908
DREAMFIELDS HEALTHY CARB LIVING,45002223,Red,6942,9749844548
DR. PRAEGER'S,45002224,Khaki,4799,1391752511
DR.PRAEGER'S,45002225,Maroon,5637,336966504
DOUBLE CHOCOLATE COCOA,45002228,Blue,5465,1352133946
SPECIALLY SELECTED,45002244,Crimson,5930,1423009010
CULINARY CIRCLE,45002245,Purple,1173,4156300536
INSTANT PUDDING & PIE FILLING,45002247,Pink,6347,4977102894
CHOCOLATE DRIZZLED CARAMEL CORN WITH PEANUTS,45002249,Goldenrod,4305,2195341777
MILK,45002250,Green,9915,2620446104
CAULIFLOWER FLORETS,45002251,Crimson,8247,7935364273
BROCCOLI,45002252,Violet,3033,1233547038
PEAS AND CARROTS,45002253,Red,4994,1881887731
ORIENTAL BLEND,45002254,Orange,1223,5620266753
ITALIAN BLEND,45002255,Red,4873,4811239032
BROCCOLI CUTS,45002256,Purple,4139,5886913378
WINTER BLEND BROCCOLI AND CAULIFLOWER,45002257,Green,8880,933159455
ITALIAN CHEERY TOMATOES,45002259,Goldenrod,7791,9826504874
S. MARZANO TOMATO,45002260,Puce,3510,5969797936
PICKLED VEGETABLE LEMON CUCUMBERS,45002261,Pink,5604,6764556164
ORIGINAL DELICIOUS VEGETARIAN ALTERNATIVE TO CHICKEN,45002265,Teal,7904,3365456511
WHOLE BABY DILL GHERKINS,45002268,Turquoise,5950,16763351
GREEK YOGURT,45002271,Red,2932,4391167786
LIGHT NONFAT GREEK YOGURT,45002273,Puce,2750,5840804002
SUNDRIED TOMATOES BRUSCHETTA TOPPING,45002276,Red,6899,5225789242
OATMEAL WITH FLAX,45002278,Crimson,8206,7817293414
ANDREW & EVERETT,45002279,Blue,689,4321045932
ORANGE GELATIN DESSERT,45002281,Indigo,5110,7471352124
PUDDING,45002282,Violet,6473,2550321340
PUDDING,45002283,Crimson,4900,779108183
TAPIOCA PUDDING,45002284,Khaki,4950,8323938660
REDUCED FAT SWISS CHEESE,45002287,Aquamarine,2487,7987330418
SHARP CHEDDAR CHEESE,45002291,Maroon,2967,6800327794
CHEDDAR CHEESE,45002292,Purple,1862,2678672786
SHARP CHEDDAR,45002293,Khaki,4421,8760449578
RAW MILK CHEDDAR,45002294,Yellow,5386,7691017286
ENGLISH CHEDDAR CHEESE,45002299,Mauv,3000,8921200541
LEMON ZEST,45002300,Violet,5658,2918622044
ASADERO CHEESE,45002303,Purple,3855,5263259115
QUESO FRESCO,45002304,Red,5157,4822646300
QUESO QUESADILLA CHEESE,45002305,Red,3667,9031438340
SMOKED GOUDA CHEESE,45002306,Puce,4320,2985774977
WINE CURED GOAT,45002308,Teal,1182,2688032593
CHEESE MADE FROM PASTEURIZED MILK,45002310,Khaki,3702,2594654485
MARIANO'S,45002312,Orange,4563,5850402497
APPLEWOOD SMOKED REGULAR CUT BACON,45002315,Teal,2181,2046414772
ROUNDY'S,45002316,Mauv,4491,3315601437
WHITE CHOCOLATE CHIPS,45002318,Violet,9976,9476159480
TOASTED OATS,45002319,Mauv,6150,7956759463
TOMATO BASIL SOUP,45002320,Mauv,7166,4070756078
HUNGARIAN STYLE MACKEREL FILLETS,45002321,Khaki,3114,7332627000
FRESH & EASY,45002326,Crimson,538,4387770074
CORN MASA FLOUR TORTILLAS,45002329,Blue,2103,5975893550
HILL COUNTRY FARE,45002334,Mauv,5519,3238070061
H-E-B,45002336,Violet,5491,7041735265
LARGE FAVA BEANS,45002340,Puce,5520,3315083851
TWIST SNACK,45002353,Khaki,4946,1234862689
SUN LUCK,45002356,Green,1833,7227404404
SUN LUCK,45002357,Green,3752,8339519859
SCHNUCKS,45002358,Crimson,6681,7219825897
YELLOW CURRY PASTE,45002360,Goldenrod,6385,9440286954
MUCHO CHEESE,45002368,Green,2051,2119543372
HOLA,45002372,Red,9393,6184487175
HOLA,45002373,Red,5615,5098438667
FIESTA PISTACHIOS,45002386,Fuscia,975,3857172541
PANKO JAPANESE STYLE BREAD CRUMBS,45002392,Violet,1987,1405767960
MCCORMICK,45002397,Violet,3657,8900489232
CHILES JALAPENOS EN ESCABECHE,45002415,Puce,6038,8275372275
WHITE CORN BITE SIZE TORTILLA CHIPS,45002421,Fuscia,8380,4762712523
CAPERS CAPOTES,45002422,Aquamarine,8889,3559255872
SPANISH ALCAPARRADO,45002423,Maroon,7792,326274499
CURRY POWDER,45002425,Purple,5148,1650245548
CULTURED SOFT BLEND SPREAD,45002426,Turquoise,5982,316349542
CURED PORK LONGANIZA,45002429,Violet,3410,1807836606
JOCOTE CORONA,45002446,Crimson,1845,3688223578
ROUND TOP WHITE ENRICHED BREAD,45002449,Teal,9236,6939688595
AMAZONAS,45002454,Green,7542,9325338505
AMAZONAS,45002456,Pink,868,3260684948
FLORA,45002464,Turquoise,5655,4603158777
CHEESE TORTELLINI,45002465,Yellow,9023,6364595421
CHEESE MANICOTTI,45002466,Teal,4247,3033635245
BAY SCALLOPS,45002469,Goldenrod,7566,1566131839
PACIFIC SURF,45002470,Pink,6371,5090635986
PACIFIC SURF BASA,45002473,Green,1334,2560891875
PACIFIC SURF,45002474,Goldenrod,8257,2113601672
SOLID WHITE TUNA IN WATER,45002475,Aquamarine,3727,9354869165
TUNA IN OIL,45002476,Violet,1511,3443155871
AMERICAN GOLDEN,45002479,Violet,1212,3240178567
SOUR CREAM,45002485,Green,8945,6860002107
FOSTER FARMS,45002486,Purple,5649,6341380208
AMERICAN GOLDEN,45002493,Fuscia,9025,9891213285
TORN & GLASSER,45002495,Teal,9736,7337218125
VIVA LA SALUD,45002497,Violet,6757,3528316934
GRANOLA CRANBERRY AND ACAI,45002499,Red,9470,2738021883
ESSENTIAL EVERYDAY,45002509,Blue,9157,6594018604
WHOLE TOMATOES,45002510,Purple,4484,2654528251
ALBERTSON'S,45002511,Pink,8511,5446037332
HOT DOG RELISH,45002514,Goldenrod,1386,8282484911
ESSENTIAL EVERYDAY,45002515,Teal,3123,9707731958
WHOLE BABY KOSHER DILLS,45002516,Pink,5360,6497013334
ESSENTIAL EVERYDAY,45002518,Maroon,1354,3381952676
ESSENTIAL EVERYDAY,45002520,Green,7190,1037382250
ESSENTIAL EVERYDAY,45002521,Mauv,9335,1103783521
ESSENTIAL EVERYDAY,45002522,Pink,2591,1833915380
PORK & BEANS,45002523,Pink,6005,5442482137
WHOLE PICKLES KOSHER DILL,45002524,Blue,619,9599837347
ESSENTIAL EVERYDAY,45002525,Pink,1896,9452980338
DILL WHOLE PICKLES,45002526,Turquoise,7647,8017464142
FIBER & PROTEIN GRANOLA,45002528,Mauv,8040,7912618627
ORGANIC MICROWAVE POPCORN,45002529,Mauv,9408,9927474571
ORGANIC APPLESAUCE,45002530,Teal,5664,9127936317
ESSENTIAL EVERYDAY,45002531,Indigo,764,3118962089
PARMESAN GARLIC & HERB BAKED PITA CHIPS,45002532,Green,9332,3214798510
ALBERTSON'S,45002533,Fuscia,8672,3141105529
ALBERTSON'S,45002534,Teal,2544,4189828777
ULTRA THIN PIZZA CRUST,45002535,Puce,3407,8645526948
THIN WHEAT PIZZA CRUST,45002536,Turquoise,8428,6028666092
ESSENTIAL EVERYDAY,45002537,Teal,8752,1399833480
EXTRA WIDE EGG NOODLES,45002538,Fuscia,5278,3596095
NO BOIL LASAGNA ENRICHED MACARONI PRODUCT,45002539,Red,1792,9278243191
ENRICHED MACARONI PRODUCT,45002540,Teal,5423,9498983747
ENRICHED MACARONI PRODUCT RINGS,45002542,Turquoise,6734,504607448
ENRICHED MEDIUM GRAIN WHITE RICE,45002543,Red,6365,4209256749
ENRICHED LONG GRAIN WHITE RICE,45002545,Goldenrod,8824,2325668940
ESSENTIAL EVERYDAY,45002546,Goldenrod,4838,1464272824
ESSENTIAL EVERYDAY,45002547,Indigo,6876,3458328122
SPLIT GREEN PEAS,45002551,Green,1200,2655394011
NAVY BEANS,45002552,Maroon,2674,6231653617
PINTO BEANS,45002554,Turquoise,8995,3564756213
BLACKEYE PEAS,45002555,Crimson,4273,7581223019
MILLVILLE,45002557,Crimson,6910,2110933836
COCOA RICE,45002558,Green,7337,580742652
CASA MAMITA,45002559,Puce,9304,792776224
BREMER,45002560,Indigo,9712,9305427197
CLANCY'S,45002561,Blue,5431,6416516748
ALWAYS SAVE,45002562,Green,6756,3566119547
ALBERTSON'S,45002563,Goldenrod,8545,8303550004
GREEK FROZEN YOGURT,45002564,Violet,6424,8165540653
ALBERTSON'S,45002565,Teal,3412,289015022
ICE CREAM,45002566,Khaki,1855,9572338846
ALBERTSON'S,45002567,Khaki,9374,138933901
ALBERTSON'S,45002569,Puce,9198,8797497797
ICE CREAM,45002571,Violet,2361,8092509573
ALBERTSON'S,45002572,Aquamarine,1985,7558493587
ALBERTSON'S,45002575,Purple,7151,7693848770
ALBERTSON'S,45002577,Khaki,1497,9459723543
ALBERTSON'S,45002578,Pink,4960,176953825
VEGETABLE CHIPS,45002580,Maroon,1647,2055734628
CLANCY'S,45002581,Orange,4961,4663365574
CLANCY'S,45002582,Crimson,5950,2276723483
MADHAVA,45002583,Teal,7582,281859086
SCHNUCKS,45002585,Blue,2227,5719781323
DELICIOUS HEARTS OF PALM,45002586,Puce,5141,8204504403
JOHN WM. MACY'S,45002588,Yellow,3171,2081381451
MADHAVA,45002590,Indigo,7243,8654359498
FOLLOW YOUR HEART,45002596,Pink,1782,7704242261
FOLLOW YOUR HEART,45002598,Purple,6939,4044368031
SALAD DRESSING,45002599,Yellow,9220,6657802374
MANNA BREAD,45002602,Red,3482,2735717186
BUTTERNUT SQUASH RAVIOLI,45002605,Puce,8753,8543239109
PIEROGIES,45002606,Blue,6217,4607186546
PERFECT FLOUR BLEND,45002607,Blue,7045,191909920
WALNUT BUTTER,45002609,Goldenrod,2930,1692787691
UDI'S GLUTEN FREE,45002615,Yellow,8819,2959582276
ORGANIC CASHEWS ROASTED & SALTED,45002618,Yellow,7340,4273999021
KALE CHIPS,45002620,Blue,7964,4139449160
ORGANIC MAIZ MORADO FLOUR,45002621,Maroon,7359,3703265426
STAHLBUSH ISLAND FARMS,45002623,Yellow,9292,396408087
WOODSTUCK,45002625,Crimson,9665,2098516339
COCO-ROONS,45002634,Blue,1491,4501658746
MADE IN NATURE,45002635,Teal,2474,2507173734
GRAPESEED OIL,45002636,Yellow,7327,1779909462
CRUNCHY CORN STICKS,45002640,Aquamarine,7404,4417483191
ORGANIC SEA SALT POPCORN CRUNCHY AND SALTY,45002642,Blue,3953,4037496674
ORGANIC KETTLE CORN,45002643,Goldenrod,7528,7075490257
SOUTHERN BARBECUE,45002659,Teal,4000,4206423547
KETTLE CORN,45002660,Green,2674,7166598808
POPCORN,45002661,Fuscia,1323,8846624106
SAVORY MASALA POPCORN WITH PAPADUMS,45002662,Purple,2975,6518057459
KETTLE COOKED POTATO CHIPS,45002669,Mauv,3978,395478391
POTATO CHIPS,45002670,Indigo,4770,6097219113
SALTED,45002671,Red,1797,3661236539
MINI YELLOW ROUNDS BITE-SIZE CORN TORTILLA CHIPS,45002672,Fuscia,7519,6352615686
BITE-SIZE CORN TORTILLA CHIPS,45002673,Pink,8559,2140437012
SWEET POTATO CORN TORTILLA CHIPS,45002674,Crimson,8815,6467153456
CORN TORTILLA CHIPS,45002675,Fuscia,7648,8925164450
CORN TORTILLA CHIPS,45002676,Violet,7208,6018774453
MULTI-GRAIN TORTILLA CHIPS,45002681,Purple,2995,1388821567
RW GARCIA,45002682,Teal,4687,4678340912
GREEN CHILE LIME,45002684,Indigo,7181,3690580196
100% PURE FRUIT SNACK,45002688,Puce,9783,6408272983
MELTAWAY TRUFFLES,45002697,Purple,1959,8097331381
BLUE ALGAE NUT BUTTER,45002736,Orange,7350,7117201045
BERRY ANTIOXIDANT NUT BUTTER,45002737,Khaki,8085,174745931
CELESTIAL SEASONINGS,45002781,Green,4292,1026531039
ORGANIC WHOLE WHEAT GNOCCHI,45002786,Mauv,6447,9342443281
PURE GREEN ICED GREEN TEA POWDER,45002797,Goldenrod,3554,6747407962
NUMI,45002804,Purple,7693,3550260075
CELESTIAL SEASONINGS,45002809,Goldenrod,1496,1077944780
SPROUTED BARLEY BREAD,45002836,Green,8454,7497042297
THE ESSENTIAL BAKING COMPANY,45002838,Aquamarine,3005,8223620359
CINNAMON ROLLS,45002840,Orange,7033,602652898
ORGANIC MILD CHEDDAR CHEESE,45002841,Mauv,1091,7506058685
COLBY CHEESE,45002842,Crimson,6215,1579656110
BLACK BEAN,45002848,Violet,6121,5081909696
CUBAN BLACK BEAN BURRITO,45002849,Red,3612,2090916990
OATMEAL GOURMET MIX COOKIE,45002850,Crimson,5841,5656241777
ANGEL'S RECIPES,45002851,Khaki,7398,8491817085
SNICKERDOODLE WHEAT & GLUTEN FREE COOKIES,45002860,Goldenrod,633,9163335255
ORGANIC ROASTED BROWN RICE COUSCOUS,45002862,Pink,9931,6614431730
ORGANIC MEKONG FLOWER RICE,45002863,Teal,2458,6729406232
CARNAROLI RICE,45002864,Pink,3050,9845058353
FARMHOUSE,45002876,Aquamarine,7977,9682059844
ORGANIC CREAM CHEESE,45002877,Violet,8000,4872911970
WHOLESOY & CO.,45002885,Turquoise,5043,2069158160
ANNIE CHUN'S,45002888,Crimson,9352,6775446071
MAPLE HILL CREAMERY,45002889,Yellow,4449,5133863314
MAPLE HILL CREAMERY,45002890,Yellow,6356,2933312778
GREEK NONFAT YOGURT,45002898,Violet,3367,6184230093
WHIPPED SOY TOPPING,45002902,Goldenrod,3989,4537009284
TOFURKY,45002924,Violet,1376,5883464017
GOLDEN BERRIES ANDEAN SUPERFRUIT,45002925,Khaki,6648,3293338550
KALE CHIPS,45002927,Fuscia,5502,1961990466
KALE CHIPS,45002928,Blue,4108,9290753048
ORGANIC BLACK BEAN MOLE,45002932,Orange,1545,177901152
MADE WITH ORGANIC BLACK BEANS AND TOMATOES,45002933,Green,5602,9779933611
MILD TURKEY CHILI WITH BEANS,45002934,Orange,931,6801878239
VEGANIC SPROUTED BROWN RICE CACAO CRISPS,45002935,Blue,5394,9460124917
VEGANIC SPROUTED ANCIENT GRAIN O'S,45002936,Pink,6376,315906324
HOT & FIT CEREAL,45002937,Teal,3683,9006924180
NATURAL UNCURED CHICKEN HOT DOG,45002940,Blue,9429,3873340011
BREAKFAST SAUSAGE,45002943,Goldenrod,9541,1266042970
SMOKED WILD ALASKAN SOCKEYE SALMON,45002945,Maroon,6025,6316977662
SAUSAGE LINKS,45002948,Khaki,7740,9575426649
ORGANIC TURKEY BURGERS,45002950,Blue,2851,1043160914
MAPLE LEAF FARMS,45002951,Purple,2435,2679972554
SALMON BURGERS,45002952,Indigo,2307,6883678824
DIESTEL TURKEY RANCH,45002953,Mauv,8672,3959716613
DIESTEL TURKEY RANCH,45002954,Teal,6785,5426501173
UNCURED GENOA SALAMI,45002955,Goldenrod,9726,665693559
SMOKED TURKEY BREAST,45002956,Turquoise,5332,2208417348
PROSCIUTTO,45002958,Purple,9528,7904400766
HAND-DIPPED DARK CHOCOLATE FIGS,45002960,Blue,2633,9342871232
CEDARS COMPANY,45002963,Green,9287,8155405079
GARDEN LITES,45002968,Purple,4234,2439426342
BUTTERNUT SQUASH BAKE,45002969,Teal,8163,5782822309
TROPICAL TANGO INSTANT POWDER DRINK MIX,45002972,Aquamarine,6834,2853733335
ALASKAN SALMON CAKE,45002973,Red,7405,5815726435
ARTISAN BISTRO,45002974,Red,2474,90998669
NINE GRAIN PILAF WITH SWEET CHILE BEEF & STEAMED VEGETABLES,45002975,Red,2400,3794295234
LUVO,45002976,Pink,5429,5483155734
LAMB VINDALOO WITH BASMATI RICE,45002977,Teal,9868,6506303530
TANDOOR CHEF,45002978,Green,4339,2420748085
ETHNIC GOURMET,45002981,Red,5209,3276935295
QUARTERED & MARINATED ARTICHOKE HEARTS,45002984,Orange,4252,2267333899
PCC,45002986,Aquamarine,2299,789718359
ORGANIC BACK AT HOME,45002997,Mauv,6204,7248819603
MARIA AND RICARDO'S,45002999,Goldenrod,8971,1293818453
BROTH,45003002,Yellow,1903,4202868870
HEARTY BEEF BARLEY WITH MIXED VEGETABLES SOUP,45003003,Green,7904,9512077043
CHICKEN CORN TORTILLA WITH BEANS AND POBLANO PEPPERS SOUP,45003004,Pink,2756,9467433443
SPLIT PEA SOUP,45003005,Teal,2836,9118912176
IMAGINE,45003006,Aquamarine,3459,9682994136
ETHNIC GOURMET,45003009,Turquoise,7836,3227622793
ETHNIC GOURMET,45003010,Maroon,2085,9474304742
ETHNIC GOURMET,45003011,Teal,1666,5687758461
PCC,45003012,Indigo,4848,935209506
BEECHER'S,45003014,Violet,706,1503974987
CHEESE LASAGNA,45003015,Pink,9144,9668976347
RISING MOON ORGANICS,45003016,Maroon,6101,9012387019
CAKE CUPS,45003024,Crimson,9957,7767026728
REGGIE'S,45003025,Violet,5061,3330072792
DOUBLE ACTING BAKING POWDER,45003027,Green,6943,799470341
SCHNUCKS,45003030,Orange,5190,8180713172
SCHNUCKS,45003031,Maroon,6330,9950404517
SCHNUCKS,45003032,Yellow,6818,5769932392
SCHNUCKS,45003033,Aquamarine,2851,3824262509
SCHNUCKS,45003034,Turquoise,4402,2278383485
SCHNUCKS,45003035,Orange,9578,818988479
AUTHENTIC 10 FLOUR TORTILLAS,45003036,Khaki,6472,9526883632
AUTHENTIC WHOLE WHEAT TORTILLAS,45003037,Indigo,7756,4181871444
SCHNUCKS,45003041,Teal,4827,4142314122
CULINARIA,45003044,Purple,7295,4985183423
SCHNUCKS,45003045,Maroon,7999,3853759726
PUBLIX,45003046,Maroon,3019,7926358436
CHEWING GUM,45003048,Red,3715,1883982707
MARSHMALLOW CREME,45003052,Teal,7930,2993371681
LATTA,45003053,Indigo,1326,9867667069
PROBIOTIC LOWFAT YOGURT,45003056,Fuscia,2514,5152513811
CLASSIC GREEK STRAINED YOGURT,45003057,Crimson,5860,60004185
TOASTER PASTRIES,45003061,Teal,4050,2148725556
GREEN TEA,45003063,Indigo,2430,5934892835
QUICK GRITS,45003070,Turquoise,8039,4299865154
EXTRA RAISIN BRAIN CEREAL,45003075,Fuscia,3393,3237272949
CORN FLAKES CEREAL,45003077,Pink,5463,6779044296
JUMBO CAKE CUPS,45003078,Yellow,8093,1177557215
OLD FASHIONED OATMEAL COOKIES,45003079,Red,3349,2259163998
GRAVY MIX,45003081,Goldenrod,1785,9140684415
ONION GRAVY MIX,45003082,Red,8362,702217085
SCHNUCKS,45003085,Maroon,3159,5374310356
MEXICAN STYLE REFRIED BEANS,45003088,Pink,8389,3242659686
TURBINADO RAW CANE SUGAR,45003089,Fuscia,6476,9224933882
PENNE RIGATE,45003090,Indigo,3271,3923585837
SPAGHETTI,45003091,Crimson,7723,8797902136
WHITE ROSE,45003095,Orange,7249,4574942762
WHITE ROSE,45003096,Indigo,9267,4500453490
SCHNUCKS,45003099,Pink,8574,300208057
GREAT VALUE,45003102,Purple,3509,6242187418
GRAHAM CRACKERS,45003104,Khaki,9092,2364716462
FLAKES & CLUSTERS CEREAL,45003105,Violet,3405,5592363915
BAKER'S CORNER,45003110,Yellow,5910,2590160410
HAPPY HARVEST,45003111,Orange,2870,1060204355
TRADER JOE'S,45003118,Orange,8583,9267461141
BUTTERNUT SQUASH TRIANGOLI,45003119,Orange,4615,8427553056
WHITE BEAN HUMMUS,45003120,Orange,4319,4565220822
SPROUTED 7-GRAIN BREAD,45003122,Green,6237,2332761098
DAVINCI. RIGATONI,45003125,Purple,5732,7208194548
DELUXE SHELLS N' CHEESE DINNER,45003126,Purple,4738,5772519670
MEXICAN RICE WITH CORN,45003127,Khaki,5571,7027568403
LIGHTLY SMOKED HOT SPICED SARDINES,45003129,Turquoise,4494,2970935422
SMOKED MUSSELS,45003130,Goldenrod,3675,169723712
HADDON HOUSE,45003131,Goldenrod,6908,6718774529
ACCENT,45003138,Blue,2211,1532122756
ON THE BORDER,45003139,Purple,3635,8157248515
SHOP 'N SAVE,45003141,Teal,6295,6039874406
STONEMILL ESSENTIALS,45003142,Aquamarine,3796,2822846928
CHEF'S CUPBOARD,45003144,Red,1627,9104452739
HAPPY FARMS,45003150,Green,9916,7176039887
BERRYHILL,45003151,Violet,4956,2157195920
PRIANO,45003152,Purple,3378,7544649733
SCHNUCKS,45003158,Pink,5462,4851010532
INSTANT BROWN RICE,45003160,Maroon,7037,8653308598
JAPANESE BUCKWHEAT NOODLES,45003161,Turquoise,2981,3056895235
PINEAPPLE CHUNKS IN 100% JUICE,45003163,Aquamarine,9138,5437372892
SEA SALT GRINDER,45003165,Blue,7980,7337904959
SCHNUCKS,45003174,Khaki,7059,2404493981
POTATO CHIPS,45003175,Puce,4734,6686420506
NO BOIL LASAGNA,45003176,Green,2203,1849986347
COFFEE CREAMER,45003177,Mauv,6741,5421723461
NORTHERN CATCH,45003178,Yellow,4452,5847469233
LONG GRAIN BROWN & WILD CALIFORNIA RICE BLEND,45003179,Goldenrod,1189,4199266453
SEASONED BREAD CRUMBS,45003180,Crimson,1500,5606132036
BROWN RICE SPAGHETTI,45003181,Violet,8591,4585738851
SMOKED SAUSAGE,45003183,Goldenrod,3386,2524544796
APRICOT HALVES IN HEAVY SYRUP,45003193,Goldenrod,3758,5678542109
PINEAPPLE CHUNKS IN HEAVY SYRUP,45003195,Goldenrod,7914,979717949
DEL MONTE,45003196,Violet,7985,3006698789
WHITE ROSE,45003198,Fuscia,3172,6763529163
BABY MIXED BEANS & CARROTS,45003199,Green,3255,4926639149
SWEET MINI CORN ON THE COB,45003201,Puce,3547,9978285393
7 ANCIENT GRAINS RICE CRACKERS WITH SEA SALT,45003203,Mauv,9708,5551346846
APPLE PIE FILLING,45003206,Violet,4421,6257895472
INSTANT WHITE RICE,45003207,Blue,6966,4485066126
SEA QUEEN,45003210,Turquoise,1156,7432689784
H-E-B,45003213,Turquoise,9188,1792535511
PRETZEL SLIMS,45003214,Turquoise,9743,5419984644
EXTRA LONG GRAIN ENRICHED RICE,45003217,Purple,1185,4102886281
LOWFAT YOGURT,45003220,Violet,3150,4329948508
CHEESE,45003222,Khaki,7434,6186387321
CENTROAMERICAN ROJA CHEESE,45003224,Teal,8166,5364561607
NOT PRODUCT DESCRIPTION LISTED,45003225,Mauv,881,1981795073
CENTROAMERICAN ROJA CHEESE,45003226,Red,694,4413089650
A SEMI-SWEET BASKET CHEESE,45003227,Violet,3102,9192203485
FRENCH ONION DIP,45003228,Purple,7361,857204947
HOT! CRUNCHY CHEESE STICKS,45003229,Orange,851,6345008095
POPCORN,45003230,Red,9371,9858696035
CHEESE CORLS,45003231,Yellow,6514,7991642984
MOZZARELLA,45003234,Green,1560,7618355614
WHITE ROSE,45003235,Purple,6747,3812041790
ITALIAN ALMOND COOKIES,45003244,Aquamarine,530,2970521326
SWEETENER,45003258,Purple,3528,2428911953
CHOCOLATE CHIP COOKIES COOKIE MIX,45003261,Turquoise,8658,3326527896
HODGSON MILL,45003264,Teal,9825,7778632993
HODGSON MILL,45003266,Fuscia,2295,5373348961
HODGSON MILL,45003267,Indigo,3829,8731352804
SCOTTISH OATMEAL,45003268,Green,4538,1341368580
CHILI SAUCE,45003274,Yellow,7546,1532921691
TRUWHIP,45003275,Crimson,4159,8898113730
TITA CRACKERS,45003295,Blue,4405,4677506647
PARTY SODA THE ABSOLUTE PARTY CRACKERS,45003298,Turquoise,9780,8657522659
TREATS CRACKERS,45003299,Violet,2549,1608657396
ALMONDS TREATS CRACKERS,45003300,Green,826,4559996490
ROVIRA BISCUITS,45003302,Fuscia,846,2691379752
ROASTED GRAIN BEVERAGE,45003303,Goldenrod,4620,6376751725
RICH DARK DRINKING CHOCOLATE,45003307,Orange,9716,2478260239
JAMAICAN STYLE CURRY POWDER,45003320,Maroon,5056,2105496695
ALL PURPOSE SEASONING,45003322,Khaki,1872,4539037803
FRESH TURKEY BURGER PATTIES,45003325,Indigo,6775,7282121265
H-E-B,45003328,Puce,8231,6397047687
LASAGNA WITH MEAT SAUCE,45003335,Goldenrod,2753,3707323757
CULINARIA,45003339,Turquoise,7450,3643898592
CULINARIA,45003340,Violet,8195,4075379779
CULINARIA,45003341,Maroon,9139,8998692449
CULINARIA,45003342,Red,3008,9601441573
CULINARIA,45003343,Indigo,8982,4085827758
SCHNUCKS,45003344,Blue,2418,6541815933
SCHNUCKS,45003345,Orange,3449,2889987191
CORTIDO KRAUT,45003351,Puce,7393,2615526243
FIREFLY KIMCHI,45003352,Maroon,1087,5920307609
THREE TWINS ICE CREAM,45003353,Red,3718,6257632358
CONDENSED TOMATO SOUP,45003367,Mauv,3389,8840535810
SWEET HARVEST,45003368,Maroon,5632,739971069
BENTON'S,45003372,Yellow,5622,7152913684
HARRIS TEETER,45003374,Yellow,7732,9080472921
COLOMBINA,45003375,Maroon,6217,61544884
TRADER JOE'S,45003376,Khaki,2993,7517044265
MULTIGRAIN CRISPS,45003377,Yellow,9628,8169743877
ITALIAN SEASONED CROUTONS,45003379,Mauv,3082,8466628185
HARRIS TEETER,45003380,Yellow,7649,9769214914
AMAZING TASTE,45003381,Yellow,5311,7600541653
HATFIELD,45003387,Red,5063,7598908869
KNAUSS,45003388,Fuscia,5804,9035933311
H-E-B,45003389,Violet,3551,3699524752
ORGANIC ICE CREAM,45003390,Red,9429,2293770710
ORGANIC ICE CREAM,45003391,Goldenrod,7688,1755579853
JULIE'S,45003392,Purple,3147,2055630644
JULIE'S,45003393,Khaki,7045,381763439
TOASTED OATS CEREAL,45003404,Teal,5835,2355313431
ALMOND DREAM,45003409,Blue,7514,38717778
YOGURT PRETZELS,45003411,Yellow,5935,4227420008
TRAIL MIX,45003412,Green,7603,6937159080
DOUBLE RAINBOW,45003416,Aquamarine,9902,9893093619
JULIE'S,45003417,Red,5410,6923305756
JULIE'S,45003419,Violet,9363,4067026072
HARRIS TEETER,45003420,Violet,8460,1620952890
PORT SALUT,45003421,Red,9237,186733356
SORBETTO,45003423,Khaki,8314,9693624939
ALDEN'S,45003424,Crimson,6594,8621620383
ALDEN'S,45003425,Green,2248,1214823904
ALDEN'S,45003426,Violet,8041,6354855897
STRAUS FAMILY CREAMERY,45003427,Red,3531,7459235903
ORGANIC SUPER PREMIUM ICE CREAM,45003428,Maroon,8288,4264137527
STRAUS FAMILY CREAMERY,45003429,Aquamarine,9612,9031722073
DOUBLE RAINBOW,45003430,Purple,7093,7460964840
DOUBLE RAINBOW,45003431,Orange,3603,677581882
DOUBLE RAINBOW,45003432,Mauv,5469,4128734136
DOUBLE RAINBOW,45003433,Mauv,8227,9674198857
JULIE'S ORGANIC,45003434,Indigo,1256,3541641630
JULIE'S ORGANIC,45003435,Teal,640,6581838128
HANDMADE ICE CREAM,45003437,Crimson,8256,9149962817
HANDMADE ICE CREAM,45003439,Red,3108,2099391068
LIGHT RED KIDNEY BEANS,45003441,Turquoise,5310,6691716043
CARRINGTON TEA,45003443,Fuscia,514,508483565
CARRINGTON TEA,45003444,Goldenrod,4374,8782196052
AMERICA'S FAVORITE TEA,45003445,Blue,4734,3123372812
LIPTON,45003446,Maroon,7998,6681366104
WINTER BLEND,45003448,Mauv,7169,6168091742
SWEET PEAS,45003450,Khaki,9067,1945437022
FRESH FROZEN VEGETABLES,45003451,Khaki,8790,878845054
LONG GRAIN WHITE RICE,45003452,Goldenrod,6751,6544061999
HOT CORN,45003455,Yellow,6607,8617983094
ENTENMANN'S,45003458,Aquamarine,8963,1242011587
ENTENMANN'S,45003459,Purple,6897,6761129788
AMERICAN CLASSIC,45003461,Khaki,2885,4105625527
DAISY'S,45003463,Aquamarine,4344,1094423831
LAURA'S WHOLESOME JUNK FOOD,45003466,Pink,2491,1947538632
LAURA'S WHOLESOME JUNK FOOD,45003467,Indigo,8714,2684196443
TARAGUI,45003471,Purple,7799,2421924391
SOUP & OYSTER CRACKERS,45003478,Teal,4850,8137542493
MRS.FIELDS,45003487,Yellow,2994,4292090734
DADDY ROY'S,45003491,Indigo,3979,3566219606
LANCE,45003493,Aquamarine,6056,1481155482
PEANUT BUTTER COOKIES,45003496,Puce,2202,2787435793
VAN-O LUNCH COOKIES,45003497,Green,4769,2717047255
CHOC-O LUNCH COOKIES,45003499,Indigo,1489,7019527256
NATURALLY SELECT,45003509,Teal,6589,2872706712
AMPORT FOODS,45003510,Crimson,5287,4301878424
ROTHBURY FARMS,45003512,Pink,4263,8933499156
BRECKENRIDGE FARMS,45003513,Indigo,2622,8542125606
KITCHEN FIXIN'S,45003514,Green,3365,2157305777
LOTTIE & BECK,45003517,Teal,1326,4244812210
CALDER'S GOURMET,45003518,Maroon,8994,1462575277
BLAZIN BLENDS,45003519,Blue,5868,8773223921
WHITE GOLD,45003520,Aquamarine,7387,5930621187
SUPERIOR IODIZED SALT,45003521,Khaki,1547,8953284058
MRS. FIELDS,45003522,Teal,2833,1531107184
MRS. FIELDS,45003523,Aquamarine,6426,2786327334
HOME STYLE SELECT,45003525,Crimson,8899,6198114694
HARRIS TEETER,45003527,Aquamarine,5349,1587020084
BRISTOL,45003528,Blue,7789,7056983596
HARRIS TEETER,45003530,Crimson,5555,543475794
BRISTOL,45003531,Khaki,8111,840560826
HARRIS TEETER,45003532,Yellow,8494,5176183080
CHEF SWAGGER'S KITCHEN,45003533,Maroon,8923,2047410452
CHEF SWAGGER'S KITCHEN,45003534,Fuscia,2577,3333310902
HARRIS TETTER,45003535,Pink,4983,9393751323
HARRIS TEETER,45003536,Indigo,3335,5098801656
FRESH FOODS MARKET,45003538,Fuscia,1200,514993774
HARRIS TEETER,45003539,Maroon,8835,3087396435
THE BAKERY BOYS OF NEW YORK,45003542,Violet,7585,6870175144
THE BAKER'S BAKERY,45003544,Khaki,2647,2972232046
BAKERY BOYS OF NEW YORK,45003545,Yellow,7427,4784676198
SNAPPS,45003546,Pink,7104,3826811003
HARRIS TEETER,45003547,Khaki,634,2951548680
SNAPPS,45003548,Blue,5444,3084146349
TESSEMAE' S,45003549,Puce,3413,7909716850
FRESHWATER FARMS,45003550,Indigo,6942,1590472020
FRESH FOODS MARKET,45003555,Puce,9238,6580237031
TACO SEASONING MIX,45003556,Mauv,9123,1847038034
HARRIS TEETER,45003557,Green,3098,4187015825
HARRIS TEETER,45003558,Mauv,6465,1062455738
HARRIS TEETER,45003559,Teal,4387,9915108486
HARRIS TEETER,45003560,Teal,2110,2266287818
HARRIS TEETER,45003563,Fuscia,5387,1107393957
HARRIS TEETER,45003564,Green,8202,4446781960
FRESH FOODS MARKET,45003565,Green,4465,6305633347
HARRIS TEETER,45003567,Violet,3755,1694713229
HARRIS TEETER,45003568,Crimson,7896,4945777659
FRESH FOODS MARKET,45003569,Indigo,8479,7334368401
HARRIS TEETER,45003574,Mauv,9657,8353454661
HARRIS TEETER,45003575,Turquoise,5937,4363721553
HARRIS TEETER,45003576,Aquamarine,2921,362842493
FRESH FOODS MARKET,45003581,Teal,8166,5504067472
HARRIS TEETER,45003584,Green,2118,5459784034
HARRIS TEETER,45003585,Aquamarine,1229,3833713518
HARRIS TEETER,45003586,Orange,2608,3951080523
HARRIS TEETER,45003587,Teal,4918,8905919456
FRESH FOODS MARKET,45003588,Orange,7695,2189054230
HARRIS TEETER,45003589,Purple,5126,8628525548
FRESH FOODS MARKET,45003590,Yellow,6208,5798493067
CALIFORNIA CHIPS,45003593,Khaki,4660,6602985418
HARRIS TEETER,45003595,Turquoise,9734,6245337070
HIGH PLAINS BISON,45003598,Teal,6498,9747848570
DATES,45003600,Khaki,1094,6383629611
TOASTED RAVIOLI,45003601,Aquamarine,6422,6575448518
SUNSWEET,45003602,Indigo,1134,9514726278
UNCLE RAY'S,45003609,Maroon,5634,7030869540
MOON RABBIT FOODS,45003610,Fuscia,3186,4212811790
FRESH FOODS MARKET,45003612,Orange,3574,957613490
FISHER,45003613,Orange,1941,5237947859
KIND,45003614,Purple,4066,1385326832
CASA MAMITA,45003615,Puce,1419,4584941793
DE LA ROSA,45003621,Khaki,5350,6977151986
FLIPZ,45003623,Puce,6338,9426513515
JUJYFRUITS,45003629,Blue,1684,3712310110
POLANER,45003630,Violet,2197,2012113729
MAMA TERE,45003631,Turquoise,5914,1424682142
FRIJOL NEGRO SMALL BLACK BEANS,45003632,Green,9290,9670642930
PRE-COOKED YELLOW CORN MEAL,45003635,Violet,3877,9845263887
GEISHA,45003636,Violet,4590,8003731496
CHICKEN NOODLE SOUP,45003656,Green,5562,1750134799
PUFFERS,45003660,Orange,6274,5851649194
SHOPPERS VALUE,45003662,Maroon,5577,7882196347
SWAD,45003663,Orange,9529,8783991670
SHOP 'N SAVE,45003664,Blue,7851,3351507437
SCHNUCKS,45003665,Maroon,5857,6896615761
WILLIAMS,45003666,Maroon,8667,1051100852
ORGANC PASTA SAUCE,45003670,Puce,5754,2908957388
CENTRAL MARKET,45003671,Teal,3937,3358572056
AMATIRCIANA SAUCE,45003672,Goldenrod,671,4199578358
MARINARA SUACE,45003675,Turquoise,5649,5440541977
H-E-B,45003677,Purple,2980,2490746057
H-E-B,45003678,Violet,9114,728493713
H-E-B,45003679,Aquamarine,6617,3073847197
BUTTERMILK ROUND WAFFLES,45003691,Aquamarine,1141,9870808700
FIELD ROAST,45003693,Blue,7372,5232448250
MAMA MARCHETTI'S,45003694,Khaki,5824,2274286892
DARK CHOCOLATE,45003695,Turquoise,1801,1951775791
H.T. TRADERS,45003697,Pink,3052,3603693418
MOZZARELLA CHEESE - WHOLE MILK,45003698,Purple,6654,8346924941
WALKERS,45003699,Khaki,3316,2289815713
PB CRAVE,45003701,Red,6985,1301012254
ICE CREAM,45003702,Khaki,7800,705580903
TORTILLAS CORN SOFT TACO SIZE,45003703,Goldenrod,7187,7975537837
SMART COOKIES,45003705,Maroon,756,25826840
MILLION DOLLAR WHITE BREAD,45003706,Red,8438,1359939733
COBBLESTONE BREAD CO.,45003708,Puce,9645,4352299065
COBBLESTONE BREAD CO,45003710,Purple,2778,5835735154
COBBLESTONE BREAD CO,45003711,Indigo,8190,7905268241
MILLVILLE,45003712,Fuscia,3817,6254916444
LIGHTLIFE,45003713,Green,7716,4087652602
HARRIS TEETER,45003714,Crimson,5326,6575566367
HARRIS TEETER,45003716,Pink,7414,1368998569
HARRIS TEETER,45003717,Teal,2610,9019969072
THICK CUT FULLY COOKED BACON,45003718,Pink,6141,9927035942
HT TRADERS,45003719,Green,4863,1454848626
HARRIS TEETER,45003720,Khaki,8091,6309060228
HARRIS TEETER,45003721,Mauv,9079,6219325648
HARRIS TEETER,45003722,Crimson,8884,3677029856
HARRIS TEETER,45003723,Pink,3289,6896658320
HARRIS TEETER,45003724,Pink,6909,7044118704
CREAMY PEANUT BUTTER,45003725,Violet,6771,8195811841
MY ESSENTIALS,45003726,Indigo,2441,8921754970
HARRIS TEETER,45003727,Goldenrod,6338,7975939005
HARRIS TEETER,45003728,Turquoise,7012,4089662621
HARRIS TEETER,45003729,Fuscia,4940,9492569523
HARRIS TEETER,45003731,Green,1083,7668406549
HARRIS TEETER,45003733,Orange,3066,5318425119
HARRIS TEETER,45003734,Orange,7478,250186683
WHOLE MILK RICOTTA CHEESE,45003747,Turquoise,9478,6876774686
H.T. TRADERS,45003748,Puce,9492,3146466295
HT TRADERS,45003749,Yellow,2825,7201400622
HARRIS TEETER,45003750,Khaki,9468,6591025987
HARRIS TEETER,45003753,Teal,9356,903014254
WHOLE FOODS MARKET,45003758,Crimson,1743,5206209775
WHOLE FOODS MARKET,45003759,Violet,3071,9723266717
REDUCED FAT GROUND PORK,45003760,Pink,3245,6801486411
MARKETSIDE,45003770,Green,6014,2322193518
CHOCOLATE CARAMEL COOKIE THINS,45003771,Turquoise,7569,4816421289
SAM'S CHOICE,45003772,Indigo,5269,9199767325
SCHNUCKS,45003773,Khaki,1584,9170301603
SCHNUCKS,45003774,Fuscia,2866,7630922833
DONA MARIA,45003777,Fuscia,4280,734992033
SPRINGFIELD,45003779,Indigo,2470,9141744047
SPRINGFIELD,45003781,Red,2404,1718239181
RAINBOW REACTION CANDY,45003785,Red,5279,658316524
LIPTON,45003788,Yellow,7040,8081352708
WHITE ROSE,45003789,Fuscia,7551,8478593241
MRS DASH,45003790,Indigo,1805,4520465974
TWO-BITE,45003794,Crimson,1669,8470087916
WHITE ROSE,45003802,Teal,4024,7166879947
PEPPERONI BITES,45003803,Pink,3744,108488128
ALASKAN POLLOCK FILLETS,45003804,Green,943,2473384738
MURRY'S,45003805,Green,4782,5750134261
WOW,45003806,Puce,9679,5469196399
SIMPLY DELICIOUS MEATS,45003809,Orange,7249,6429050238
SMOKED HOT,45003810,Green,9399,6673289198
RED HOTS MEATS,45003811,Puce,8549,7320942372
365 EVERYDAY VALUE,45003812,Maroon,4368,9820531152
365 ORGANIC,45003819,Crimson,4530,836545729
365 EVERYDAY VALUE,45003821,Goldenrod,9352,9156317131
SIMMERING SAMURAI,45003824,Blue,8716,340082976
SIMMERING SAMURAI,45003825,Purple,8458,6733806649
THE GOOD HEALTH CHEESE ALTERNATIVE,45003826,Crimson,7263,4892066702
CROUTONS,45003827,Maroon,1771,9850202742
SKIPPY,45003828,Indigo,5082,7102075324
TAI PEI,45003830,Yellow,5123,178597643
BUDDY FRUITS,45003831,Mauv,5705,857642200
MURRY'S,45003832,Red,9055,3106940433
JAMAICAN STYLE ONE BEEF PATTIE,45003833,Pink,3575,3620079412
TURKEY BACON,45003840,Puce,1324,6426138975
COUSCOUS,45003844,Red,1610,7639907101
MID EAST,45003845,Red,5568,4160536484
PANTAI,45003849,Fuscia,1936,1743380399
PG TIPS,45003850,Purple,6993,7730451565
BARAKA,45003853,Crimson,7847,9960213773
ZIYAD,45003854,Khaki,7907,9457704029
CLOVER VALLEY,45003856,Red,1405,8736099864
AROMAS DEL TUNGURAHUA,45003858,Green,5846,1348980060
MANASUL INTERNATIONAL,45003860,Orange,3900,554555611
LA MERCED,45003863,Yellow,7678,7907481805
TE' SUPREMO,45003865,Aquamarine,1614,4278209983
PURE VEGETABLE SHORTENING,45003870,Puce,9582,3679081499
BRASWELL'S,45003871,Indigo,5228,8245187097
PREMIUM PASTA SAUCE,45003872,Red,6304,4318962903
XOCHITL,45003873,Khaki,3804,9333208623
PAPAYA SPEARS,45003874,Aquamarine,2084,3317980672
PCC,45003875,Maroon,3139,4261373475
DICED PINEAAPLE,45003876,Turquoise,3502,7433158529
PCC,45003877,Red,6580,7157058529
ANNIE CHUN'S,45003878,Red,2716,8596854258
SUKHI'S,45003880,Orange,8651,438390938
KERRYGOLD,45003881,Khaki,2595,5281644831
BERKS,45003882,Purple,8589,5056633844
SMOKED SAUSAGE,45003885,Pink,7945,2577116594
HATFIELD,45003886,Crimson,2782,9848429816
HOT SAGEY RINGS,45003887,Goldenrod,6825,8881524376
WHITE ROSE,45003890,Blue,4460,9496095038
YUCATAN BLACK BEAN SOUP,45003891,Pink,823,915985063
TUSCAN WHITE BEAN SOUP,45003892,Red,7575,8035623699
MARANATHA,45003894,Red,6794,9032530836
GRACE,45003899,Turquoise,5660,9183464751
MY ESSENTIALS,45003901,Mauv,5894,6749330355
JUMBO BISCUITS,45003903,Goldenrod,594,7155684627
COOKIE DOUGH,45003904,Turquoise,6580,5016754497
SUGAR COOKIES,45003905,Violet,2111,3994241464
SOURDOUGH PRETZEL PIECES,45003906,Pink,2559,1998214117
MV ESSENTIALS,45003908,Indigo,997,9923670279
BEEF FRANKS,45003909,Indigo,6711,3959336322
FOOD LION,45003910,Maroon,8490,3562367449
TASTE OF INSPIRATIONS,45003911,Orange,7275,6747539257
NEESE'S,45003912,Khaki,9741,438235118
NEESE'S,45003913,Red,5724,2384954628
FOOD LION,45003914,Fuscia,4044,138496404
NEESE'S,45003915,Turquoise,9448,3583386493
MY ESSENTIALS,45003916,Turquoise,6277,295068272
HARRIS TEETER,45003917,Teal,772,4185103476
FARMERS MARKET,45003918,Orange,5555,4987655187
HT TRADERS,45003919,Aquamarine,9543,8647674936
PREMIUM PRESERVES,45003920,Indigo,2667,1576511839
PREMIUM PRESERVES BLUEBERRY,45003921,Blue,1504,7557340671
HARRIS TETTER,45003924,Teal,9308,5263450028
HARRIS TEETER,45003925,Violet,845,7505260766
HARRIS TEETER,45003926,Blue,6919,7766396300
HARRIS TEETER,45003927,Red,9033,8031011583
HARRIS TEETER,45003928,Goldenrod,4646,9033680750
HARRIS TEETER,45003930,Turquoise,3112,1372435786
HT TRADERS,45003931,Red,9947,9577557368
HT TRADERS,45003932,Indigo,3788,3617721621
HT TRADERS,45003933,Khaki,5890,2538473772
HT TRADERS,45003934,Fuscia,6837,1722532742
HARRIS TEETER,45003935,Fuscia,8603,5685937792
HARRIS TEETER,45003936,Violet,9311,4603048335
HARRIS TEETER,45003937,Indigo,8799,8772967498
ALL NATURAL SRIRACHA HUMMUS,45003939,Khaki,1307,9995646595
CHUNKY SALSA,45003942,Khaki,7147,7625749576
NEUFCHATEL CHEESE,45003947,Puce,1175,691767475
LEAN TURKEY POLSKA KEILBASA,45003950,Crimson,4732,5842031507
POLSKA KIELBASA,45003951,Purple,3440,5442472050
LUQUIRE FAMILY FOODS,45003953,Violet,5562,4423601745
CAROLINA TREET,45003954,Yellow,6458,2150266369
PINK SALMON,45003956,Pink,5390,4921360294
BUDDIG,45003958,Green,4724,6631023262
GUNNOE'S,45003959,Aquamarine,6160,5288545790
JIM'S OWN,45003965,Violet,6221,1238248152
HONEY,45003968,Green,1639,7497859668
SWAD,45003971,Goldenrod,637,5898370935
KEENAN FARMS,45003973,Crimson,2572,5820185013
DESSERT SHELLS,45003978,Teal,4403,4329668262
FRUIT SLICES JELLY,45003979,Mauv,2239,1195499205
HERR'S,45003983,Green,9083,6344487461
HERR'S,45003984,Puce,5748,7621933747
HERR'S,45003985,Khaki,1053,8795023291
MUFFINS,45003991,Purple,8187,2188810007
FROSTED OAT CEREAL BITES WITH MARSHMALLOWS,45003993,Mauv,4377,5365802497
ANGEL HAIR DRY PASTA ENRICHED VERMICELLI PRODUCT,45003997,Maroon,1603,6826575043
EXTRA VIRGIN OLIVE OIL,45004000,Indigo,9428,5030507612
