name,nit,manager
Florrie Lenz,1667631365,Dredi Tomovic
Clementia Walby,4165410438,Moises Neles
Sidnee Ellul,3921018765,Marius Corfield
Gustavus Headech,3890428754,Jerrie D'Souza
Jaymee McIlhone,7020909574,Fawn Vautin
Pen Finnie,4269859490,Melonie Stother
Ly Jezard,2153385180,Ahmed Kirkby
Misty Buckmaster,1336613564,Michaelina Frisby
Koenraad Manwell,6928701552,Zeb Galbraith
Alden Duguid,7582852443,Dody Burgen
Leigh Wandtke,6769208717,Helen Cerman
Loni Bezarra,788823892,Stephen Skellon
Esmaria Jennins,3988389900,Filberte Whittlesea
Vyky Tabourier,488075815,Elberta Bearcroft
Ailyn Daviot,1925341771,Nari Racher
Deedee Cosens,917260449,Moll Deport
Larry Crotty,7098300276,Nelli Torrisi
Julian Ladlow,1982441429,Izak Whimper
Ruthie Crookshank,8621903679,Nolana Stonhard
Dana Sorby,3977837184,Brandea Gyorgy
Florian Lalor,1581056508,Tommy Minihane
Cozmo Esmond,6968339382,Ritchie Indge
Kerrill Jedrzejewicz,1104134349,Ezmeralda Howland
Hasheem McGriffin,3181223042,Sloane Jossel
Mischa Larway,8068545670,Cordula Gerlts
Florry Kunert,8642075058,Trescha Kynman
Teodora Crick,1324773618,Norris Zanicchelli
Marris Widocks,4043394802,Norah Bealton
Averell Caldwall,8366878732,Bartie Danbi
Berte Woolveridge,8122244602,Lanette Alastair
Ramon Huckin,9700926311,Christos Otton
Catlin Bredes,9983902796,Vivien Godridge
Fredericka Swanton,425935094,Fina Streeting
Bogart Westwell,9415614285,Percival Gapper
Gray Kort,5039090366,Lela Dominy
Orsa Ennor,9106870201,Joey Wozencroft
Parnell Brisker,3653613035,Joshuah Ratke
Erica Quare,3014322520,Franciska Botley
Horatio Vernon,2922536971,Avram Agnolo
Josefa Baskeyfied,1213737044,Kacy Howling
Shannan Pawellek,1156107067,Bjorn Cars
Jasun Oleszcuk,2666395782,Shamus Brittan
Fredelia Riddlesden,2337546918,Frederique Giordano
Joannes MacCrann,6229889323,Arlyn Coldwell
Louise Ribchester,3619660123,Mickie Berns
Lissie Rubenfeld,6380965548,Raynor Cloute
Carilyn Finnick,6935906296,Glenn Gommes
Trenna Pilgram,3668283818,Dagmar Birrane
Fina Kedwell,6606633826,Evie Nitto
Leta Coultard,8585136480,Heddi Spiby
Karil Stait,8497220129,Care Arthur
Margarethe Stronach,6132898077,Barbette Sharrem
Robinetta Scoullar,7376370676,Beltran Mustin
Mil Quincey,7187909578,Donia Outibridge
Marlo McKean,5260617231,Rebekkah Ritchman
Tobe Marchington,4364786136,Florencia Iacoboni
Winslow Benson,2108321519,Brandea Bresnen
Stephani Honeyghan,5682306376,Ichabod Elsmore
Lovell Walford,6254365774,Barth Oubridge
Lindy Weeden,5907715944,Ryon Clavering
Brodie Shallow,2357800607,Olenka Arsnell
Tito Furze,3158399660,Emory Bauldrey
Carrie Holhouse,8299699134,Kaylee Baudou
Lorna Brandacci,3013223170,Sophia Batt
Joly Kalf,2981358901,Evvy L'argent
Clevie Corkan,7898535863,Kellby Castelluzzi
Lucie Medcalfe,1443659002,Rosamund Donalson
Murdoch Aiston,9467297809,Cherri Hinrichsen
Raynard Rawdall,53056329,Leanor Sloegrave
Kial Farlam,9256521075,Hilda Philpot
Lou Farquharson,2776316593,Bax Morley
Nevile Sewley,9025522041,Dennison MacGahy
Fanya Sopper,5283389944,Kacie Leddie
Jeffy Johantges,18164471,Bird Digance
Fabio Flisher,2910581047,Lanni Tippin
Ryley Wofenden,1653902582,Leigh Polk
Maegan Tegler,6975036640,Alard Smidmore
Merill Kornacki,3597029264,Morton Hubberstey
Aleda Hembry,1438500211,Lannie Zannotelli
Bertie De La Coste,3704467502,Nedda Quinane
Lanna Aim,6451042323,Stu Gillings
Helaine Scotchford,2972364562,Gerik Behne
Carmen Gregolin,3523435854,Ricky Curner
Carolyn Drewry,6235484577,Chloris Vsanelli
Pearle Quinn,7970114067,Willette Duchasteau
Stace Perview,2862604828,Krystalle Lysaght
Tana Pantone,4216942865,Norry Abramchik
Beatrisa Michallat,1945064927,Les Lotterington
Rica Byrkmyr,225917572,Nikola Gentiry
Jodie Tripcony,7278442907,Shellie Copperwaite
Adrianna Buick,9959739376,Urbanus Scane
Bess Toffetto,5577609283,Morly Haselden
Early Catley,4073121634,Ashlie Saulter
Nathalia Padmore,5982289353,Saxon Bowers
Arron Burkhill,2180401841,Paulie Ortler
Kayne Arondel,1995318930,Jerrine Haig
Tymon Beevis,43409245,Demeter Marwood
Carlina O'Halloran,4186347107,Asher Megany
Krispin Olligan,7295959920,Gill Murtimer
Roth Erasmus,7729526328,Austin Trusler
Lucas Gronaver,9675177160,Elvina Peddie
Ariel Zaczek,6599470939,Gustavo Heathcott
Rickard Clara,1781083568,Lacie Lade
Rich Rennison,2508189790,Worden Simonds
Hailey Pedri,2536319393,Camila Oiller
Jeniece Nibley,1509970967,Oberon L'Episcopi
Tamera Loude,5119389244,Dill Celle
Shay Hearons,1616627050,Irving O'Crowley
Gianni Hales,6264477680,Murdock Siaspinski
Ashley Agett,5007586366,Clark Honeywood
Smith Tamburi,4775454196,Noni Chadbourn
Jo Dungey,4336617759,Jody Dransfield
Madelena Thomsen,3733975456,Daphne Orneles
Paulette Kirtland,5391591112,Morly Pischoff
Verina Knowller,4207906886,Ailey Jeannesson
Carroll Olivello,6180852251,Ardine Bletso
Kristoforo Pietzker,705179214,Tybie Duchant
Janenna Camocke,7364041605,Elli Matus
Gilberto Barhem,5533227695,Beryl Hebson
Nat Summersett,2108103821,Carolynn Dorro
Klara Garard,5733934212,Jada Cunniffe
Krishnah Mailey,4682547674,Magda Russi
Cristian Wolfenden,8322310366,Yovonnda Weedon
Manny Minchella,3579595954,Jarrod Agus
Meghann MacCorley,4299008170,Marius Mackney
Lee Glison,9308836144,Heinrik Franzettoini
Edward Hugenin,8380788079,Neda Kimmons
Charline Cattlemull,8740865908,Ansley Hazart
Ferris Radish,7517433865,Kaitlyn Skellion
Fernandina Leifer,1556114192,Lavinie Broz
Linet Saveall,1014937469,Kariotta Heintzsch
Tobi Farlane,2422855091,Benedikta Esterbrook
Mair Rodda,2092653237,See Gresch
Daron Barehead,1484332024,Shamus Rapaport
Baxy Bryers,1875716556,Lizabeth Willard
Cassondra Jagielski,9086295258,Lin Pelzer
Eydie Josofovitz,183837223,Raquela Nurcombe
Dew Thorp,3140478712,Carmine Sievewright
Rosabel Geale,7570973054,Blancha Roddy
Mia Gillan,3245160445,Philis Pendergast
Tamqrah Minnis,8866440531,Kylynn Blackmore
Trev Hauxwell,257756353,Kristoffer Palffy
Ives Nigh,5979544232,Bryant Mc Grath
Erica Clissold,9451295860,Anabella Cripwell
Danit Kinforth,8555871913,Sergei Echallie
Putnem Joplin,2538666104,Skye Spours
Felic Bacon,3238122835,Annaliese Curme
Vin Purveys,7067741432,Thekla Le Marchant
Dru Macken,797645152,Martelle Conyard
Arlen Brimley,5575979482,Daisey Legat
Inge Lawlings,6111438808,Fonsie Pedwell
Bevvy Cardenas,3054124363,Gladys Leemans
Gizela Burrage,6555905506,Brenn Rustadge
Wheeler Gillebert,2656459079,Gardy Storry
Charlton Whiteley,2596396696,Kalila Maharry
Porter Bottomley,9057313197,Isacco Dedenham
Babbette Polsin,9615913936,Josephina Fatharly
Stafford Fewtrell,5183155658,Roda Fawcitt
Berny Folli,4849187196,Cathy Whitmore
Alethea Gonnel,2477638033,Elvin Smittoune
Mag Gossage,6987744440,Kath Somerled
Winnifred Fantham,4136671539,Joey Baumadier
Valry Currall,2472657005,Marybelle Sutton
Dode Adamovicz,3876221919,Myca Monelli
Lucas Westberg,2369018283,Shayne Lanchbury
Bartolomeo Danforth,3605999182,Magdalene Baswall
Stacey Beauchop,4897879973,Thatcher Kenewell
Cesar Kupec,5687546243,Latrena Andrew
Murray Weller,2234433452,Aldon Haquin
Faina Dowd,5558454334,Germain Robottham
Ruddie Hanselman,2988003343,Gwenneth Crossland
Cyrus Rosensaft,3192436115,Bridget Twiname
Delia Hawken,2590677634,Kendre Stockall
Ruthie Attenborrow,212588206,Tommie Racher
Margalo Sears,6719784277,Nadiya Chenery
Clari Huttley,1994091088,Jillene Scimoni
Avigdor Ledwitch,1827576294,Randie Shuter
Bartholomeo Pfeffle,1302488120,Denys Tabrett
Glen Greaser,3862563472,Florina Darlington
Tobin Elles,1060401258,Barbey Cossam
Drucie Seadon,4742644034,Fredric Alflat
Pierson Ternault,624616207,Nealson Bursnell
Collette Calway,5654178474,Gabi Hazeldene
Thain Errichelli,9140657345,Norman Fost
Aurelea Wakeham,6177268366,Ogdon Malpass
Terri Whyberd,2653597675,Tiphanie Dando
Kristos Gotthard,693005165,Gonzalo Abramamovh
Latrena Shewry,9248900739,Shem Conring
Evey de Marco,1378059042,Leandra Eich
Emile Spofforth,9823233314,Nesta Winridge
Gian Iannello,773724338,Carla Cricket
Susette Dawltrey,1000897184,Heinrick Bugge
Torrence Cadwaladr,7317106631,Johnathan Flagg
Felicle Dumberrill,4684729117,Jessie Lorenzo
Emelda Cadden,9200106951,Helen MacTrustrie
Oneida Peaddie,3116304807,Josefina Outright
Dyann Reggler,7345534294,Anette Siviour
Hildegarde Fehely,1832936619,Johnath Moggach
Wayne Maleck,9207545306,Lorenza Cawley
Nady Holby,9873026479,Mickie Buzza
Bernardina Whitington,7573793421,Georgianna Darko
Jillayne Cherrison,2312149559,Raphael Fabb
Jenda Rangle,8684526074,Jonell McCracken
Ferd Riggey,6824065005,Micheal Lackner
Halimeda Milner,4441643144,Richmound Rutty
Bessie Bennedick,7176746958,Rockie Laneham
Brittani Scade,978335570,Wren Justham
Cynthie Bartczak,4051873765,Kliment Pietruszka
Redd Horley,6813776320,Elvis Eacle
Domenico Basten,2788447876,Sabina Probat
Cassie Daingerfield,5115737361,Elysha Esche
Tracy Allport,8085545497,Petronella Klassman
Vern Le Lievre,238656659,Marna Lambell
Veradis Armstead,942420381,Denise Mace
Adela Meneo,222822805,Willie Kildale
Pavia Taffe,6932435535,Pen Ludwig
Brandyn Sacks,3219186416,Ric Placidi
Paulita Gut,7863441900,Abie Smythin
Karney Rosendorf,3193191035,Maddy Realph
Romola Mccaull,6246832423,Mariana Tellenbach
Christos Mattersey,2597153509,Bard Trippitt
Findlay MacVean,851574378,Lynde Pottell
Charlie Jakubczyk,2382493976,Lauren Peltz
Flossi McGriele,2796648982,Robena Yegorkov
Dennis Islep,3249136565,Gene Vaar
Maude Fullicks,6105087519,Nial Norville
Patricio Tomaini,299654575,Adrianna Bullen
Joshia Crix,857941186,Karlis Hallede
Kiley Stairmand,7380569244,Terrie Cowcha
Barbette Hamley,138497044,Ewell Guiel
Bernetta Sylett,3893247319,Calv Elkington
Launce Sidgwick,8022160695,Celestyna Lindfors
Anestassia Seiler,630332037,Erroll Peplay
Karita Gallemore,4060372552,Doreen Philpot
Bertine Nelles,1167106334,Currie Iglesiaz
Zorina Guisby,3073138765,Helaina Aiston
Connie Eschelle,634985426,Debbie Rosenshine
Beverie Lamke,1007561513,Rozele Southworth
Conant Kmieciak,4101827885,Kit Sparkwill
Man Pues,67301819,Susie Oguz
Richmond Ranking,9006487589,Annissa Bateman
Jeana Kochlin,6085037384,Gertie Brownbridge
Nikaniki Tomaszynski,343678950,Sanderson Colgrave
Jacqueline Cartlidge,9096026977,Zebulon Geany
Andrei Mendenhall,4491786488,Miranda Jakoubek
Delcine Crole,9338606821,Ian Luckes
Guilbert Linzey,4603003854,Lorette Scawn
Hermia Daley,9079728462,Trueman Darthe
Harley Applewhite,9446943647,Xenos Sirmond
Kristan Nazair,8031603529,Moria Nesbit
Bartie Sandcraft,4896111664,Blinnie Purchase
Ashley Knipe,9591554338,Arron Sleany
Whitney Tiltman,3947835469,Robbin Lude
Marchelle Leif,1097776271,Danika Pettman
Jori Fayerbrother,9965075182,Philbert Saurat
Viviene Marielle,8651603177,Britney Greenly
Ramsey Dowears,1711583871,Marcie Haryngton
Dillie Geroldo,451052846,Cobbie Beese
Abe Randalson,97457353,Florry Spandley
Sonia Tewkesbury,6932741288,Bobbie Murison
Wendie Burnup,8403948425,Kristian Rebanks
Ambrosio Cockshtt,797429484,Lizette Ramelet
Alden McGonnell,3098134690,Blithe Snedden
Gretna Louiset,4061845659,Valeda Dooney
Tedi Folder,2751120903,Alexandr Baskwell
Susannah Thomasen,4321247012,Daria Joder
Shaine Blaxeland,8516518833,Joan Matokhnin
Guntar Handscombe,1814695699,Dulcea Vaune
Danie Bonavia,5014478476,Marylou Guilder
Sheela Goodwell,5523986135,Cecilio Skeermor
Reed Schiersch,3328276270,Ellerey Bertolaccini
Suzi Coopey,6256195671,Corey Lippett
Adaline Willingam,9982136747,Agnella Gook
Berti Bartels,5808147077,Kaila Chillcot
Tanney Duthy,9975687326,Saundra Enrdigo
Deana Dawltrey,80207529,Bendite Ravel
Carlina Twinberrow,9517738072,Caldwell Pacquet
West Hugonnet,464842905,Madelyn Opdenort
Lester Bolwell,3111595285,Oriana Officer
Robbie Gamblin,8844931664,Nelia Girodin
Doralyn Farlham,9409515378,Skye Roycroft
Arin Morgen,2624124500,Flynn Greenwood
Audrey Uttermare,9050881394,Dene Nuth
Vivian Danigel,9480748908,Janeczka Sorbey
Lanna Colerick,9749844548,Kamillah Vahey
Therine McGlashan,1391752511,Addia Torrijos
Yurik Vasiltsov,336966504,Yardley Badder
Susanna Acres,1352133946,Emory Coyett
Pammie Luto,1423009010,Phillip Roubert
Billie Steeples,4156300536,Silva Skea
Christiane Lewerenz,4977102894,Kally Gayton
Pia McKea,2195341777,Algernon Vernall
Gene Hartwright,2620446104,Mickie Stansfield
Dal Hollyard,7935364273,Nanine Eccleston
Matteo Bamblett,1233547038,Roarke Kendrick
Gracia Cockerell,1881887731,Madalyn Klaessen
Alejandra Hazeldean,5620266753,Vernen Fear
Jedidiah Rallin,4811239032,Halimeda Zisneros
Nap Greatbanks,5886913378,Vida Brothers
Emily Tilby,933159455,Rae Syrett
Arlan Penhallurick,9826504874,Obie Samper
Nedda Ebbett,5969797936,Gradeigh Gosker
Martin Castiglioni,6764556164,Davida Probyn
Stan Lickess,3365456511,Amberly Eger
Linn Lasseter,16763351,Flo Ledington
Bowie MacColl,4391167786,Burl Gwatkin
Urban Zarfati,5840804002,Kala Bilyard
Tani Cathro,5225789242,Christal Couves
Coraline Colleymore,7817293414,Eunice Sidworth
Martin Tousy,4321045932,Sayers Summerill
Clemens Stroulger,7471352124,Rolando Izkovicz
Jacklyn Odell,2550321340,Batsheva Rewcassell
Holt Trevna,779108183,Min Melsome
Melvin Caraher,8323938660,Sidonia Gerardin
Andriana Antyukhin,7987330418,Sawyere Voak
Emelen Harmond,6800327794,Rici Cunniffe
Lorry Juett,2678672786,Fiona Summerside
Lurlene Segot,8760449578,Brade Hatfull
Gwendolin Lauderdale,7691017286,Bernarr Lonsbrough
Frederica Clausen,8921200541,Dee dee Raphael
Walker Slyme,2918622044,Decca Weekly
Joanna Scowcroft,5263259115,Beale Llorens
Merridie Lea,4822646300,Laurie Armytage
Barde Rowbrey,9031438340,Siward Merredy
Mohammed Berceros,2985774977,Barbabra Louch
Florenza Madgwich,2688032593,Murry Cowitz
Izabel MacTrustram,2594654485,Doralia Skep
Vail Furlong,5850402497,El Howey
Hanan Marnes,2046414772,Devlen Schwandt
Arri Beddie,3315601437,Orelle Vallens
Skye Josland,9476159480,Emmye Kinkaid
Ethelyn Youdell,7956759463,Kessiah Cowpe
Terrance Lavelle,4070756078,Haley Quesne
Allyn Sinnatt,7332627000,Else Igglesden
Jacquenetta Tilford,4387770074,Rhiamon Sanham
Harriot Lenney,5975893550,Hedvige Raspison
Ingrim Sharply,3238070061,Arturo Barcke
Breena Banfield,7041735265,Dulce Jarnell
Patrizius Kingswood,3315083851,Katusha Deppe
Rikki Szymanzyk,1234862689,Tuck Rowson
Rob Rappoport,7227404404,Hendrick Ortsmann
Amanda Crippen,8339519859,Madella McAviy
Rochelle Shelmardine,7219825897,Maridel Wheowall
Bendix Souter,9440286954,Ilysa Overbury
Donna Jasper,2119543372,Evered Francklin
Ardelis Northfield,6184487175,Min Blampied
Stefania Dinnage,5098438667,Wilhelmine Punch
Boote Petett,3857172541,Melita Harrie
Shaine Odd,1405767960,Deeanne Mulhall
Darrin Attwater,8900489232,Christie Allsop
Petra Huard,8275372275,Shepard Orable
Harvey Retchless,4762712523,Chariot Zelland
Dannie Quinlan,3559255872,Giana Grelak
Mattias McCaskill,326274499,Magda Hares
Charlotte Grabb,1650245548,Federica Cronin
Wilma Insall,316349542,Eolanda Wellwood
Shaun Elliman,1807836606,Toby Oels
Fayre Balsdone,3688223578,Marcel Benian
Felipe Lummus,6939688595,Janel Ewbach
Elie Slateford,9325338505,Murray Ossenna
Laurie Flaws,3260684948,Maximilian Ofen
Hendrik MacLleese,4603158777,Devin Jenks
Lainey Warmisham,6364595421,Phillida Baxster
Jobey Cavan,3033635245,Audry Chisnall
Neilla Kliesl,1566131839,Eartha Lissett
Eberto Aldcorne,5090635986,Anestassia Mattsson
Claudine Pagen,2560891875,Caro Bathowe
Georgia Ungerechts,2113601672,Lexi Bolle
Philipa Ninnotti,9354869165,Cointon Thompson
Quinta Gauche,3443155871,Maddi Quakley
Analise Oxbrough,3240178567,Cathlene Seakings
Sherill Hawkeridge,6860002107,Georgette Growcock
Gayle Brehaut,6341380208,Lucien Slyne
Claudelle Kondrachenko,9891213285,Clerkclaude Deniseau
Rube Prodrick,7337218125,Gavra Frantz
Shani Matcham,3528316934,Natty Schober
Alonso Dougill,2738021883,Elie Lumly
Ronda Beresford,6594018604,Karoly Flipek
Titos Mingotti,2654528251,Paulo Kanwell
Tades Besnardeau,5446037332,Heidie Lamdin
Cristie Phillips,8282484911,Becky Jozsika
York Tower,9707731958,Jeno Fodden
Ave Judkin,6497013334,Fayre Danett
Edvard MacRedmond,3381952676,Allissa Roscrigg
Skye Bidewel,1037382250,Arvy Sutliff
Grantley O' Donohue,1103783521,Karon Faull
Constanta Giraldo,1833915380,Kalina Torricina
Dominic Bench,5442482137,Tabby Allingham
Jackqueline Alwood,9599837347,Dag Heady
Natalya Tick,9452980338,Hadria Elwood
Rockey Skuse,8017464142,Johannah Roubert
Kathleen Batey,7912618627,Rosemarie Boulter
Meg Logsdale,9927474571,Courtnay Salvador
Hank Pietri,9127936317,Donnie Bloomfield
Stearne Overstall,3118962089,Farr Diaper
Leonard Tout,3214798510,Trudey Reis
Julissa Spinley,3141105529,Idalia Mainland
Annamarie Pardon,4189828777,Vasilis Smaleman
Claudine Ledwith,8645526948,Marigold Shervington
Gladys Faulkner,6028666092,Westleigh Surpliss
Laurie Risebarer,1399833480,Maddy Ong
Verla Stearns,3596095,Aharon Lewry
Gunner Faucett,9278243191,Tomlin Wreak
Otho MacRorie,9498983747,Ivar Shickle
Teodor Dumphry,504607448,Ham Scamaden
Emelita Fidelus,4209256749,Dean Nibley
Jock Blanshard,2325668940,Byron Lakeman
Feodora Treffry,1464272824,Lilli Frankham
Johnathan Stothert,3458328122,Tilly Mickleburgh
Joycelin Talman,2655394011,Ginger Ahrendsen
Noel Bicheno,6231653617,Robinia Ties
Annissa Jeacock,3564756213,Osmond Matthensen
Duane Arnison,7581223019,Georas Tebald
Dru Retchless,2110933836,Tabb Beasant
Zollie Heakey,580742652,Joshua MacConnulty
Waylan Yannoni,792776224,Crysta Filby
Bobina Dredge,9305427197,Betteanne Precious
Anallise Muffett,6416516748,Edwina Mulqueen
Celestyna Peel,3566119547,Ethelyn Cunde
Dimitry Reddington,8303550004,Colleen Balcock
Esther Patchett,8165540653,Jeremiah Bruster
Lacy Berthot,289015022,Ilyse MacInherney
Jerrylee Beynkn,9572338846,Sheffie Vickarman
Gage Peagrim,138933901,Mata Sully
Jerri Hansod,8797497797,Jerrome Horstead
Gisela Bartolomucci,8092509573,Brock Oventon
Vita Chess,7558493587,Noam Boase
Gradey Goning,7693848770,Melinde D'Antuoni
Burg Robarts,9459723543,Gilburt Mc Gorley
Sollie Balham,176953825,Marylee Ballston
Alberto MacClinton,2055734628,Anneliese Hansed
Che Adriaens,4663365574,Jan Petraitis
Corrina Ferbrache,2276723483,Genovera Gittings
Jaynell Duffell,281859086,Drud Cobbing
Deonne Mattielli,5719781323,Minette Rowley
Goran Tummond,8204504403,Mariana Barok
Michale Grabban,2081381451,Shurlock Shearsby
Valentina Mikalski,8654359498,Abbi Chezier
Rhianon Rentoll,7704242261,Suki Dayment
Evanne Ebsworth,4044368031,Laurena Dunlea
Georgiana Attwood,6657802374,Tomlin Whate
Aarika Nesby,2735717186,Chick Toy
Haroun Dayborne,8543239109,Karilynn Addeycott
Skyler Luckie,4607186546,Grove Pond
Christiana Scoggins,191909920,Filberto Dodridge
Kristos Ridehalgh,1692787691,Bobbee Forsyde
Katleen Truckell,2959582276,Ariana Vose
Bobinette Noor,4273999021,Luz Gethin
Beale Hugnet,4139449160,Gregoor Glasspoole
Tove Grinov,3703265426,Oralia Rowlstone
Rupert Fleeman,396408087,Joelly Janusz
Maudie Holligan,2098516339,Misha Coller
Mead Abrahamsen,4501658746,Silvio Corkan
Carley Litt,2507173734,Gardiner Grzelczak
Pamella Swancott,1779909462,Donna Chasle
Crystal Goaks,4417483191,Rebeca Chiverstone
Natale McCreagh,4037496674,Vinnie Lenglet
Kylila Duly,7075490257,Garvey Mattinson
Hagen Simonett,4206423547,Graham Baum
Pam Twinborough,7166598808,Mechelle Coghlan
Jemimah Dighton,8846624106,Budd Biskup
Mable Royans,6518057459,Theresita Owen
Renata Pettit,395478391,Raimundo Sneezem
Romola Worviell,6097219113,Clare Kevlin
Lindie Izaks,3661236539,Brandice Gatherer
Horatius Edmonstone,6352615686,Joyce Rapport
Bryanty Broadfoot,2140437012,Tasia Thorold
Syman Winspare,6467153456,Bernie Woodnutt
Brnaba Chittie,8925164450,Silvie Lorain
Jessy Nan Carrow,6018774453,Althea Papes
Chelsie Tetther,1388821567,Gui Killelay
Nicholle Gilbank,4678340912,Zorana Jahncke
Ugo Sabattier,3690580196,Caro Dearl
Kirk Seabridge,6408272983,Tedda Blackboro
Ody Fern,8097331381,Dottie Eronie
Suzi Moughtin,7117201045,Aaren Nequest
Pieter Courtois,174745931,Ashlee Overton
Rolfe Stanner,1026531039,Rochelle Duiged
Benjamen Chinery,9342443281,Sondra Francino
Meggie Barrar,6747407962,Maggy Graddon
Kingston Feasby,3550260075,Elisa Myers
Marlon Putson,1077944780,Hali Jovey
Letitia Ironside,7497042297,Kit Clissold
Mendy Swann,8223620359,Westleigh Robathon
Sofia Huxtable,602652898,Julita Kellert
Sibyl Arro,7506058685,Sergeant Hearns
Rory Roche,1579656110,Clair Sauvage
Kelci McBryde,5081909696,Taffy Grisdale
Ignace Brass,2090916990,Tina Bech
Kristofer Cundey,5656241777,Sybyl Galego
Michaella Coucha,8491817085,Carey Sommerscales
Iver Mix,9163335255,Valenka Guterson
Kerrin Myrie,6614431730,Piggy Peach
Freda Alster,6729406232,Launce Cerman
Randolf Adamo,9845058353,Killie Rraundl
Aubrette Sketcher,9682059844,Blondie Youll
Marcus Pedrol,4872911970,Ginnifer Shilstone
Sarene Sommerville,2069158160,Tierney Emm
Valenka MacAnellye,6775446071,Lila Woolston
Edwin McIlenna,5133863314,Heriberto Blincowe
Melli Southerden,2933312778,Florenza Valentim
Urbanus Dracksford,6184230093,Hort Wilkennson
Morris Edmondson,4537009284,Garrek Craythorn
Raleigh Jencey,5883464017,Ezekiel Carff
Trevar Ainscough,3293338550,Nessy Farish
Carolus Bugge,1961990466,Josey Rugiero
Juliann Coughtrey,9290753048,Donnajean Dumbrill
Wald Belford,177901152,Mari Wyer
Haley Bourgaize,9779933611,Katalin Huett
Janeva Buzek,6801878239,Kizzee Lampaert
Guido Myrie,9460124917,Barri Corns
Guthry Catherick,315906324,Myrtia Totman
Frasier Wreak,9006924180,Bev Drust
Odetta Bowry,3873340011,Artur Lafoy
Merralee Powlett,1266042970,Martino Dogerty
Junia Simonyi,6316977662,Manuel Pessold
Valida Nunnerley,9575426649,Minny Duncklee
Stefano De Vuyst,1043160914,Sheelah Morrall
Wynny Gervaise,2679972554,Laryssa Hammell
Lizabeth Issitt,6883678824,Andres Braga
Esma Zylberdik,3959716613,Bond Wilkerson
Land Wailes,5426501173,Steve MacCurley
Ginger Demaine,665693559,Rica Esilmon
Brok Dasent,2208417348,Griselda Babon
Sibilla Timberlake,7904400766,Gerald Fydoe
Maribelle Osgar,9342871232,Nancy Nation
Gillie Sweynson,8155405079,Wynne Leate
Emmalynne Billingsly,2439426342,Carolyne Elnough
Cathrin Antrobus,5782822309,Alisa Fetteplace
Zarah Tirkin,2853733335,Kala Smails
Leese Paunsford,5815726435,Anna-maria Shorland
Clementina Ryce,90998669,Tobe Risely
Bryce Vibert,3794295234,Rourke Fursey
Burton Stoad,5483155734,Hagen Strickler
Tatum Quadri,6506303530,Pammi Tuke
Anatollo Ronci,2420748085,Lorene Boater
Krishnah De Cruz,3276935295,Becca MacArte
Stevie Blesing,2267333899,Raimund Vella
Joby Lithcow,789718359,Claire Ternault
Opal Dunbar,7248819603,Prent Mion
Padriac Heeley,1293818453,Terry Lippiett
Gregorio Rawsthorn,4202868870,Reg O'Keefe
Marie-jeanne Thow,9512077043,Roze Shackell
Mercedes Beesey,9467433443,Lonnie Hanning
Svend Cecchi,9118912176,Ryley Rowbotham
Amata Normansell,9682994136,Anderson Huddlestone
Betsey Byrcher,3227622793,Hildegaard Lowin
Maryjo Joderli,9474304742,Cindie Surgenor
Kalina Izakoff,5687758461,Thorstein McPhilemy
Pablo Kender,935209506,Cosme Orpin
Beverlie Wyse,1503974987,Garrick Creasey
Fanny Willmore,9668976347,Arlana Sheivels
Lorita Baswall,9012387019,Dede Shills
Vanya Korneichuk,7767026728,Perkin Massenhove
Zebadiah Scirman,3330072792,Henriette Covil
Lu Boman,799470341,Myrlene McGreal
Barris Clemendot,8180713172,Lanny Whittek
Klaus Brougham,9950404517,Dedie Simanek
Pearline Rounsivall,5769932392,Giuseppe Blackston
Rodrick Kynston,3824262509,Faustine Coronas
Cristobal Hearon,2278383485,Julio Ismail
Jere Gannan,818988479,Felecia Winram
Rossie Rolfe,9526883632,Murray Circuitt
Murvyn Demann,4181871444,Camile Athridge
Amata Mielnik,4142314122,Justina Dungey
Mohandas De Zamudio,4985183423,Garfield Rieme
Maitilde Legerwood,3853759726,Rorie Halesworth
Nilson McCambrois,7926358436,Misty Benjefield
Araldo Treverton,1883982707,Harrie Shorto
Stormie Ary,2993371681,Carie Laister
Brittni Challener,9867667069,Kipp Potter
Allianora Abad,5152513811,Jobina Planks
Suzanne Taysbil,60004185,Davy Degli Antoni
Francesco Gentreau,2148725556,Leia McGinley
Theresita Siaspinski,5934892835,Francklin Frangione
Rafa Brotherhed,4299865154,Ilse Torres
Ruggiero Grove,3237272949,Dylan Lowth
Geordie Alman,6779044296,Carlynn Tumulty
Egan Edgars,1177557215,Alfy Gallymore
Tabbatha Di Carlo,2259163998,Gilberto Janikowski
Chastity Benedidick,9140684415,Mariya Exposito
Brendon Elster,702217085,Wayland Henriksson
Hunt Crates,5374310356,Shurwood Giovannetti
Rachel Slimon,3242659686,Crissie Dudin
Gwendolyn Adcocks,9224933882,Cathie Chadwell
Marna Pinch,3923585837,Brina Robrow
Austin Compton,8797902136,Margarete Coyett
Barris Penman,4574942762,Jeramey Malloy
Willette Sallings,4500453490,Stephie Sharpless
Sibby Gimeno,300208057,Freeman Isacq
Gratia Codman,6242187418,Catlee Grishunin
Darbee Islip,2364716462,Dasi Easson
Hartley Garcia,5592363915,Hettie Dimelow
Savina Boustred,2590160410,Mirabel O'Cuddie
Dynah Fahey,1060204355,Vilma Duplock
Holt Aggott,9267461141,Benjamin Aizkovitch
Norine Kennifick,8427553056,Marcile Burnside
Alisha Deer,4565220822,Stefa Forstall
Carlos Sherbrooke,2332761098,Lurette Pagnin
Rainer Story,7208194548,Wald Van der Veldt
Tamarah Barwick,5772519670,Clem Draayer
Salome Reuble,7027568403,Rogers Douglass
Ardella Pessel,2970935422,Rutledge Bourtoumieux
Frasquito Bayldon,169723712,Flora Prium
Les Feben,6718774529,Candy Kendell
Noble Sieur,1532122756,Jenilee Cottle
Konrad Florez,8157248515,Elisa Rieme
Ysabel Sill,6039874406,Carolynn Snowman
Merill Broadfield,2822846928,Cthrine Trehearn
Ara Beeden,9104452739,Maggy Ommundsen
Wini Lerer,7176039887,Lou Wing
Phylis Ivankin,2157195920,Jackson Bartholomaus
Darbee Carney,7544649733,Harmonia Monger
Jephthah Kingsworth,4851010532,Tyrus L'oiseau
Valentia Brien,8653308598,Gray Kibbye
Kass MacNeish,3056895235,Fairfax Hegdonne
Rex Brearley,5437372892,Zelig Milne
Tawnya Greatrex,7337904959,Tann Schwaiger
Amitie Vasishchev,2404493981,Zaria Sterke
Idaline Bootell,6686420506,Mahmoud Stillman
Lenard Aspinal,1849986347,Adria Caustick
Rubina Goodbarne,5421723461,Anitra Asipenko
Martica Deegin,5847469233,Emmie Tungay
Blinnie Casper,4199266453,Olva Widdowes
Tucker Matieu,5606132036,Tedi Jovanovic
Rosette Foat,4585738851,Klarrisa Cone
Marielle Moggach,2524544796,Ashbey Manketell
Marshall Hildred,5678542109,June Sigfrid
Debbie Meany,979717949,Enrique Livingstone
Sumner St. Aubyn,3006698789,Doralyn McGann
Dal Glastonbury,6763529163,Sam Rampley
Waylon Rakes,4926639149,Tracee Scutcheon
Martainn Verbrugge,9978285393,Elayne Stringman
Morly Emney,5551346846,Melinde Plunkett
Felice Thorrington,6257895472,Kimberley Schoolcroft
Lauren Spens,4485066126,Ashlan Lorence
Eleonore Aisthorpe,7432689784,Crystal Walstow
Mireille Seath,1792535511,Hollis Von Hindenburg
Almeta Sinnie,5419984644,Remus Muscat
Farley Riggott,4102886281,Georgia Gonnet
Esmaria Baudry,4329948508,Anthiathia Peret
Gipsy Krolle,6186387321,Frederique Weldrake
Shandy Duddle,5364561607,Bonita Sergeaunt
Violetta Dibson,1981795073,Gunter Gozzard
Stefa Carmen,4413089650,Gustie Quittonden
Thain Urrey,9192203485,Kaila Preator
Gisele Jensen,857204947,Jean Mixture
Steffen Antonognoli,6345008095,Beret Zanardii
Fern Latter,9858696035,My Beer
Kyle Iltchev,7991642984,Yul Le Port
Halie Forker,7618355614,Freddie Harvatt
Analiese Pippin,3812041790,Wolfie Hutchence
Brig Damper,2970521326,Ninnetta Lyndon
Misty Clench,2428911953,Concordia Chestnutt
Annabelle Koschke,3326527896,Jehanna Aikett
Kevon Kiehnlt,7778632993,Nicky Offield
Lynn Marcoolyn,5373348961,Alfons Swinbourne
Zack Roder,8731352804,Pia Barron
Malvin Andino,1341368580,Suki Casterton
Herold Ketchaside,1532921691,Boris Stichel
Crysta Devericks,8898113730,Ignaz Manis
Noll Gunnell,4677506647,Lothario Spacie
Janeta Ficken,8657522659,Jamey Kleszinski
Phillie Aldersea,1608657396,Maynord Mariotte
Yolande McDade,4559996490,Ilise Carp
Jude Auty,2691379752,Candide Buckthorpe
Nicolina Kluss,6376751725,Kittie Camamile
Ruth Paylie,2478260239,Ario Head
Ollie Miliffe,2105496695,Filippo McNess
Amelie Stinson,4539037803,Sammie Jennings
Jaclin Wickardt,7282121265,Raphael Elleray
Riccardo Drewes,6397047687,Maudie Belle
Vinni Dumphries,3707323757,Mellisent Pedlingham
Kaiser Amerighi,3643898592,Devina Swadlinge
Wilhelm Noteyoung,4075379779,Martino Tomlins
Gael Stuehmeyer,8998692449,Erinna Murrell
Cornall Scoullar,9601441573,Fidole Swiggs
Tomi Gyorffy,4085827758,Veronike Rome
Shell Chadderton,6541815933,Grantham Lamplough
Kassey Curneen,2889987191,Katine Gowan
Delmor Fleischer,2615526243,Orson Baggs
Reed Chainey,5920307609,Siegfried O'Fallon
Adrian McCloy,6257632358,Cory Skae
Fran Haggeth,8840535810,Eldon Draper
Rubie Helm,739971069,Nannie Piffe
Annmarie Rive,7152913684,Austin Ducker
Sanders Willgrass,9080472921,Rolando Guinnane
Allistir Suffe,61544884,Delcine Abotson
Emile Rate,7517044265,Coretta Cartmell
Connie O'Feeney,8169743877,Pen Vennard
Warde Caesmans,8466628185,Zack Loody
Kerby Secretan,9769214914,Carlee Brech
Catie Malt,7600541653,Rubetta Trusty
Chrissy Meneer,7598908869,Marillin Keddle
Anabelle Gallally,9035933311,Reid O'Dyvoie
Guillemette Rayhill,3699524752,Felice Blackborow
Saw Eates,2293770710,Katerina Soeiro
Zea Jeyness,1755579853,Maxim Helling
Bogart Mustill,2055630644,Hewie Jeune
Frederico Bottell,381763439,Galen Bowcock
Mallory Matula,2355313431,Ferguson Ottley
Elwin Severs,38717778,Rhianna Welberry
Bartie Kares,4227420008,Nichols Haysham
Nanny O'Dulchonta,6937159080,Celina Filip
Juanita Iashvili,9893093619,Garwin Frantz
Chip Gascard,6923305756,Theresita Exell
Dante Bonnin,4067026072,Anissa MacGraith
Vaughn Thwaite,1620952890,Martin Marson
Xavier Brisbane,186733356,Neil Darwin
Augustus Bernhardsson,9693624939,Rollin Demer
Con Chalder,8621620383,Alice Curteis
Vanna Coster,1214823904,Inness Ferronet
Cecelia Vannozzii,6354855897,Filberto Peacham
Theo Meir,7459235903,Baird Giorio
Ragnar Seamen,4264137527,Diandra Goadby
Letitia Chamberlain,9031722073,Brose Rushbrook
Cully Toland,7460964840,Samara Wasmuth
Nobe Westley,677581882,Humberto McNevin
Northrup Peller,4128734136,Nana Eynaud
Loy Doe,9674198857,Giustina Wisniewski
Calida Mockford,3541641630,Hali Feldberg
Mortie Dummigan,6581838128,Eleen Laying
Sander Trewartha,9149962817,Gabrila Wardroper
Ailyn Margeram,2099391068,Cal Jovicevic
Brinn Dobeson,6691716043,Krista Drought
Sher Viccary,508483565,Samara Sprasen
Hans Meredyth,8782196052,Yulma Pharro
Kearney Dyte,3123372812,Dallas Lavell
Antin Aspinal,6681366104,Ailee Iacovini
Annecorinne Woodwing,6168091742,Chaunce McGinlay
Taddeo Clowser,1945437022,Joey Yeulet
Gonzalo Gillcrist,878845054,Anne Brumwell
Marlee Whistlecroft,6544061999,Johnny Mitchell
Annora Maleby,8617983094,Buck Puleston
Augustin Ibbott,1242011587,Jase Woolbrook
Germain Raymont,6761129788,Dominique FitzGibbon
Jeremy Castletine,4105625527,Fabio Coppock.
Eddie Laden,1094423831,Yorgos Petrichat
Dana Champneys,1947538632,Klement Cescoti
Ebenezer Rivel,2684196443,Sharyl Peskett
Charmian Macey,2421924391,Averil Pennick
Myles Edward,8137542493,Tibold Cersey
Parry Kornalik,4292090734,Andree Kyrkeman
Emeline Soaper,3566219606,Alwyn While
Karen Stoffels,1481155482,Frances Noni
Melodee Borgesio,2787435793,Merridie Stobbes
Micky Sangar,2717047255,Jaquenette Coope
Raffarty Bault,7019527256,Min Rubbert
Sib Grimmolby,2872706712,Briant Chavey
Dorie Hannen,4301878424,Hildegarde Keoghane
Jacky Boulger,8933499156,Ailyn Margaritelli
Wendie Noyes,8542125606,Carolin Currm
Tamarah Baylay,2157305777,Egan Tunnicliffe
Luis Arnull,4244812210,Karoly Motte
Austen De Luna,1462575277,Henrieta Wisham
Dominica Abele,8773223921,Liuka Mourbey
Cheri Bredee,5930621187,Markos Giuron
Carmella Shelborne,8953284058,Skye Titchener
Konstantin Kira,1531107184,Aeriell Swetmore
Margarete Sollars,2786327334,Britte Rickeard
Anna-diana Grissett,6198114694,Eliza Goodlet
Sacha Bulbeck,1587020084,Marlee Ridgley
Adelina Simcock,7056983596,Torrence Parradine
Willi Harkess,543475794,Ermanno Herrieven
Berna MattiCCI,840560826,Rafael McGlone
Colet Kobes,5176183080,Ethan Massei
Boy Cutchie,2047410452,Janka Wadge
Fraze Pritchitt,3333310902,Katalin Leach
Rochette O'Day,9393751323,Karoly Breckenridge
Giovanna MacKellen,5098801656,Marcelle Sauvan
Purcell Crumley,514993774,Franciska Nathon
Read Chellingworth,3087396435,Milicent Riep
Zacharias Cran,6870175144,Olivia MacGaughey
Elli Huerta,2972232046,Georas Yurocjkin
Donielle Bril,4784676198,Job Petrenko
Georgi McDougald,3826811003,Powell Storks
Carl Becraft,2951548680,Katleen Drewes
Keefer Blandford,3084146349,Brien Emps
Colver Longmead,7909716850,Mathilde Garn
Read Melbourne,1590472020,Estevan Pudner
Ida Sauvage,6580237031,Tracee Woodgate
Margot Godwyn,1847038034,Darb Shorland
Hillie Rival,4187015825,Rudd Bliben
Barny Stuckley,1062455738,Valerie Lynch
Ted Vost,9915108486,Olivero Fridlington
Niels Loughlan,2266287818,Rhys Bolter
Charles Boggs,1107393957,Felipa Fetherstan
Dagmar Restill,4446781960,Bette Mumbray
Bibby Guiness,6305633347,Merle Whyborn
Alecia Yarmouth,1694713229,Dan Dundredge
Selby Brosio,4945777659,Helen-elizabeth Millhouse
Lanette Bedborough,7334368401,Nickey Duncanson
Paulette Montrose,8353454661,Rowena Shelper
Suzie Fraschini,4363721553,Jsandye Ciccottini
Lazaro Trillo,362842493,Griswold Kershow
Mitch Pinke,5504067472,Pavel Tessington
Andie Reddle,5459784034,Hasheem Rowling
Giselle Tarrant,3833713518,Cathee Pelham
Lynna Wickins,3951080523,Michal Jennery
Hermann Rames,8905919456,Fitzgerald Naulls
Ashlin Gerrell,2189054230,Marice Welland
Adi Rorke,8628525548,Linus Trewhela
Rodrique Bogies,5798493067,Conchita Towey
Lissie Langstrath,6602985418,Beck Huitson
Bella Carless,6245337070,Emmy McIsaac
Nathanial Sturmey,9747848570,Caril Evill
Dionysus Lauxmann,6383629611,Herman Trobey
Bernardina Iddison,6575448518,Hugues Shorto
Leigh Della,9514726278,Mario Undy
Eugenia Meany,7030869540,Brunhilda Hefford
Fanchon Batman,4212811790,Jud Matchitt
Jemmie Pedrozzi,957613490,Sibilla Andreix
Wynny Greatbanks,5237947859,Harbert Capey
Gaby Martijn,1385326832,Martin Crampin
Ester Cotte,4584941793,Christy Levins
Justin Peto,6977151986,Rosabelle Kensitt
Erika Itzchaky,9426513515,Sena Arnau
Tish Elmhurst,3712310110,Greta Darke
Dewitt De Andisie,2012113729,Dom Pendred
Glen Agius,1424682142,Loutitia Cisland
Mariele Cordero,9670642930,Cindee Eloy
Carita Geoghegan,9845263887,Salomone O'Nion
Garrik Murkitt,8003731496,Honor MacDermott
Hyacinthia Spenclay,1750134799,Dylan Gerge
Chrisse McClean,5851649194,Goldy Allcock
Manon Senechell,7882196347,Modesty Mingame
Harman Fern,8783991670,Arty Dunbleton
Chris MacRitchie,3351507437,Livvyy Vynall
Suki Macallam,6896615761,Jaye Cristofano
Butch Cracoe,1051100852,Kip Boner
Demetris Stollard,2908957388,Ignazio Guslon
Maribelle Trattles,3358572056,Oran Stutard
Heinrik Dyton,4199578358,Clare Rounce
Filip Halford,5440541977,Edlin Pioch
Marni Jenkison,2490746057,Zondra Hayball
Jessy Dwelly,728493713,Clo Glidden
Adan Tansly,3073847197,Hebert O'Rodane
Bernie Edgeley,9870808700,Marius Taillard
Arney Tilburn,5232448250,Allsun Forrestill
Beret Henworth,2274286892,Libby Vauter
Marissa Paunsford,1951775791,Astra Minter
Eziechiele Grissett,3603693418,Dolph Duval
Francklyn Lethby,8346924941,Emanuele Sutch
Cammie Elldred,2289815713,Andros Childerhouse
Tana Koene,1301012254,Smith Hek
Bianca Bande,705580903,Allyson Taffley
Prue Martino,7975537837,Delia Booij
Hamel Aleksandrev,25826840,Alford Bricknall
Efrem Keddle,1359939733,Meir Ginger
Kippy Fountian,4352299065,Danya Kempshall
Rozella Peterken,5835735154,Etienne Derricoat
Sebastiano Rutherfoord,7905268241,Flynn Truin
Joelie Ivanitsa,6254916444,Chris Gosneye
Bondy Loveard,4087652602,Tova Hasselby
Charmine Gregh,6575566367,Toddy Brake
Fifine Whanstall,1368998569,Loni Fassman
Hilliary Pickvance,9019969072,Dalston O Sullivan
Angie Botwright,9927035942,Eddie Annable
Bliss Scogin,1454848626,Elenore Rowthorn
John Gaitley,6309060228,Marcy Northley
Gregorio Huddle,6219325648,Estell Ohms
Renell Swinden,3677029856,Andriana Osgerby
Hanni Arnout,6896658320,Rora Maith
Wynnie Gunthorpe,7044118704,Bernadene Carrol
Dorry Maybury,8195811841,Norene Padberry
Andris Hatley,8921754970,Glenine Glisane
Maynard Rupke,7975939005,Elizabeth Duguid
Godart Furniss,4089662621,Annadiane Whistlecroft
Boony Head,9492569523,Cleo Perott
Drew Newiss,7668406549,Kip Hillan
Rebeka Withers,5318425119,Darsie Francello
Aila Nowick,250186683,Tommi Laybourne
Pamelina Pentecost,6876774686,Joyous Wadsworth
Gertruda McSkeagan,3146466295,Julianne Chalfain
Murdock Vinick,7201400622,Guntar Gussin
Bernette MacGee,6591025987,Derk Ebsworth
Tanney Gill,903014254,Gillian Marriott
Zelma Valentetti,5206209775,Robbi Coathup
Ree Gales,9723266717,Lutero Postians
Jolyn Truggian,6801486411,Keenan Lowden
Trescha Monard,2322193518,Abramo Vannet
Monty McNern,4816421289,Rozanne Lambillion
Alanna Dowderswell,9199767325,Ula Lamdin
Cristionna Bosse,9170301603,Anabal Kynston
Liane Dourin,7630922833,Roth Volker
Linus MacMichael,734992033,Malvin Pieters
Gerick Persian,9141744047,Raffaello Chasteney
Kasey Mashro,1718239181,Cesaro Signorelli
Juliann Peterken,658316524,Doll Crebbin
Patrizio Muckart,8081352708,Lyell Markos
Marne Iczokvitz,8478593241,Meridel Cometson
Marline Matessian,4520465974,Jacinthe Ellul
Major Cottem,8470087916,Margarete Clayton
Stanwood Manilo,7166879947,Luke Lindro
Alleen Sanz,108488128,Beatrisa Syrad
Piggy Thorwarth,2473384738,Hope Northbridge
Towny Glendining,5750134261,Leon Ambrosoli
Thorvald Asken,5469196399,Timmie Erat
Stacie Lavington,6429050238,Jean Prose
Lexis Hallitt,6673289198,Dalila Grute
Joyous Bence,7320942372,Ced Rosbottom
Courtnay Wilden,9820531152,Chanda Mart
Wiley Janowicz,836545729,Kalil Seals
Ondrea Stefi,9156317131,Netti Gwalter
Alford Almond,340082976,Scot McWilliams
Lizzy Lawlance,6733806649,Gianna Harkes
Karissa Gori,4892066702,Leighton Avard
Karna Sayles,9850202742,Deloria Cuchey
Giana Struthers,7102075324,Cristian Gaudin
Tanya McColl,178597643,Daryl Darrigrand
Brigid Littlejohns,857642200,Allyson Rowaszkiewicz
Corny Coyle,3106940433,Frederigo Champkins
Brett Heaford,3620079412,Cindra Crook
Sheba Delacour,6426138975,Jan Camamill
Hedda Mein,7639907101,Toby Bengal
Ralph Diddams,4160536484,Kristina Merrett
Mack Holtham,1743380399,Moira Botler
Afton Baybutt,7730451565,Fayette Spyvye
Alberto Briskey,9960213773,Martino Froome
Lewiss Menico,9457704029,Elbert Vanlint
Mathilde Janosevic,8736099864,Lexie Jouannot
Otis Edkins,1348980060,Kennith Hallad
Rosaline Brandrick,554555611,Myrtice Simonot
Luciano McCarlie,7907481805,Kaleb Aylmore
Veronica Gerard,4278209983,Corabel Ainge
Kaela Hembry,3679081499,Cyril Huard
Hector Garrioch,8245187097,Yardley Francie
Burnard Quarton,4318962903,Hersch Woolatt
Cornelle Lubomirski,9333208623,Claire Cammacke
Levon Goacher,3317980672,Wells Pickersail
Jecho Grigorescu,4261373475,Stevy Nutbrown
Dallas Tebbs,7433158529,Tod Kerner
Karen Lumsdall,7157058529,Luigi Gratland
Sonja Brose,8596854258,Norbie Train
Vally Knotton,438390938,Rozalin Marquez
Emalee Winslade,5281644831,Mendie Polson
Kyle Percifer,5056633844,Zia Accomb
Priscilla Wardlaw,2577116594,Geordie Garralts
Jammal Flint,9848429816,Dillie Han
Dayle McDuall,8881524376,Rhianon Tow
Clair Samper,9496095038,Davy Hagstone
Marylynne Pomery,915985063,Lovell Kluger
Caprice Challoner,8035623699,Arleen Mowen
Herbert Stairmond,9032530836,Estevan O'Lunny
Aubrette Blackshaw,9183464751,Ashleigh Gilhouley
Goran Conkling,6749330355,Jerrilee Cookes
Serge Emsley,7155684627,Buiron Reinbeck
Lida Lambkin,5016754497,Dillie D'Oyly
Madella Idwal Evans,3994241464,Roseann Scanlan
Cass Turbat,1998214117,Ganny Wellan
Amil Hanshawe,9923670279,Cele Sertin
Wendy Owens,3959336322,Marrilee Marciskewski
Shalna Marson,3562367449,Angelika Pebworth
Roger Farden,6747539257,Caitlin Dorot
Ulysses Woolfall,438235118,Helenka Newman
Andrea Hews,2384954628,Viki Brusin
Cleavland Wealthall,138496404,Gino Garie
Bidget Lakey,3583386493,Xymenes Mingay
Gerrard Bohden,295068272,Augustus Vipan
Dacy Skellon,4185103476,Dorothee Webborn
Chantalle Horbart,4987655187,Dukey Haslock
Taite Yankov,8647674936,Shawnee Jebb
Lorene Van der Kruys,1576511839,Nissie Lindop
Vidovic Stump,7557340671,Tadd Teek
Donalt Vicar,5263450028,Marigold Douch
Bourke Sollett,7505260766,Misti Matovic
Caty Barwick,7766396300,Faustine Neillans
Bastien Scain,8031011583,Jsandye Swash
Vanni Bentke,9033680750,Jarret Robb
Ody Barkway,1372435786,Curt Brounsell
Packston O'Neill,9577557368,Ashlee Eddy
Siouxie Lamberti,3617721621,Bibi Latchmore
Bill Craker,2538473772,Elly Gunny
Cinderella Waycott,1722532742,Ferrell Knight
Max Growy,5685937792,Timmi Stennard
Esther Bendixen,4603048335,Janna Bossel
Gregg Shotbolt,8772967498,Renaud Elphinstone
Marchall Kinker,9995646595,Bev Fant
Lezlie Dogg,7625749576,Felice Ilive
Avie Doodney,691767475,Sargent McClay
Lelia Novic,5842031507,Tannie Basnett
Jasmine Aronstam,5442472050,Graehme Presslie
Terrijo Lorait,4423601745,Noell Poppy
Kristen Mc Cahey,2150266369,Tasha Mouan
Kameko Isakovic,4921360294,Flora Valerius
Scarlett McGougan,6631023262,Dyann Tompion
Ericha Cottey,5288545790,Launce Callcott
Vite Thyng,1238248152,Harriett Van Brug
Constantina Kobpa,7497859668,Margaretha Brocklebank
Claresta Scattergood,5898370935,Dreddy Hawgood
Silvana Dolling,5820185013,Deva Diben
Karlik Alp,4329668262,Craggy Riby
Marena Cottham,1195499205,Charil Trainer
Armando Rowlett,6344487461,Denny Hryncewicz
Marlene D'Onisi,7621933747,Ron Romero
Carla Stagg,8795023291,Nert Neumann
Nial Todd,2188810007,Gelya Rockcliff
Dulci Drioli,5365802497,Saidee Mee
Frans McCrossan,6826575043,Conroy Faraday
Chandal Rouch,5030507612,Benny Clitheroe
